Wind_Direction,Wind_Speed,Cloud_Base_Height,Temperature,Pressure,NotWeekend,InOperatingHours,NotHoliday
240,7,10,14.8,1007.5,1,0,1
230,7,10,14.8,1007.6,1,0,1
230,7,10,15.1,1007.5,1,0,1
230,6,0,15.1,1007.5,1,1,1
230,11,5,15.3,1007.7,1,1,1
220,10,10,15.4,1008.1,1,1,1
230,12,10,16.4,1008.4,1,1,1
210,12,10,17.0,1008.5,1,1,1
210,13,10,17.1,1008.5,1,1,1
200,12,20,18.4,1008.1,1,1,1
180,16,100,16.1,1006.3,1,0,1
180,13,60,16.2,1005.9,1,0,1
170,13,60,16.1,1004.3,1,0,1
180,11,20,15.9,1002.8,1,0,1
170,11,30,16.0,1002.2,1,0,1
180,13,20,16.0,1001.8,1,1,1
170,13,20,16.2,1001.2,1,1,1
180,15,20,16.5,1000.9,1,1,1
180,15,20,16.6,1000.4,1,1,1
190,21,20,16.0,1000.3,1,1,1
180,21,20,15.8,1000.2,1,1,1
180,24,20,16.2,999.8,1,1,1
210,11,10,18.5,1000.1,1,1,1
210,13,250,18.6,1000.3,1,1,1
220,15,60,18.0,1000.5,1,1,1
240,16,30,18.1,1000.7,1,1,1
220,12,150,17.1,1001.0,1,1,1
240,7,150,14.9,1002.3,1,0,1
240,8,150,14.7,1002.9,1,0,1
210,10,30,15.2,1002.9,1,0,1
220,11,30,15.0,1002.9,1,0,1
220,11,150,15.0,1003.0,1,0,1
210,9,150,15.4,1003.1,1,1,1
220,13,30,15.4,1003.4,1,1,1
200,10,30,15.5,1003.5,1,1,1
220,13,30,17.3,1003.9,1,1,1
210,13,250,17.7,1004.2,1,1,1
210,13,250,18.5,1004.5,1,1,1
220,13,250,19.1,1004.5,1,1,1
210,12,250,19.6,1004.8,1,1,1
210,14,100,17.9,1004.8,1,1,1
220,11,30,17.1,1004.9,1,1,1
220,15,150,18.4,1005.0,1,1,1
230,18,150,17.5,1005.1,1,1,1
230,20,250,16.8,1005.4,1,1,1
230,11,250,14.8,1006.4,1,0,1
220,10,30,14.9,1005.4,1,0,1
200,11,30,15.1,1005.0,1,0,1
200,13,30,14.8,1004.9,1,0,1
220,10,60,14.9,1005.1,1,1,1
220,9,150,16.0,1005.3,1,1,1
210,11,100,16.2,1005.4,1,1,1
200,16,60,16.6,1005.4,1,1,1
200,13,30,18.5,1005.3,1,1,1
200,12,250,19.0,1005.5,1,1,1
200,12,100,16.8,1005.6,1,1,1
200,9,30,15.0,1005.7,1,1,1
210,15,100,16.1,1005.6,1,1,1
200,17,60,17.3,1005.4,1,1,1
200,17,150,18.0,1004.9,1,1,1
200,20,30,15.6,1003.6,1,0,1
200,15,30,15.0,1001.9,0,0,1
230,16,60,14.1,1001.7,0,0,1
220,14,30,14.4,1001.7,0,0,1
200,11,30,14.9,1001.5,0,1,1
200,12,250,15.5,1001.5,0,1,1
210,11,100,16.6,1001.7,0,1,1
210,10,150,16.9,1001.8,0,1,1
200,15,150,17.5,1001.7,0,1,1
210,14,30,17.1,1001.8,0,1,1
210,14,30,17.9,1001.7,0,1,1
180,12,100,14.6,1001.4,0,0,1
160,9,100,13.7,999.6,0,0,1
190,13,30,13.6,999.4,0,0,1
180,10,100,14.2,999.7,0,1,1
180,8,100,15.0,999.5,0,1,1
210,5,30,14.5,999.7,0,1,1
190,6,30,16.9,999.0,0,1,1
290,5,250,14.2,1000.5,0,0,1
300,5,200,13.3,1001.5,0,0,1
310,1,30,12.5,1002.6,1,0,1
260,5,20,13.6,1002.8,1,0,1
280,9,100,14.2,1003.7,1,1,1
250,9,100,15.1,1004.3,1,1,1
240,8,150,16.8,1004.6,1,1,1
230,10,30,17.7,1004.9,1,1,1
310,10,100,15.3,1005.5,1,1,1
290,8,100,16.4,1006.0,1,1,1
250,9,60,17.4,1006.3,1,1,1
240,11,150,17.7,1006.6,1,1,1
270,15,60,15.5,1007.2,1,1,1
270,14,100,16.8,1007.6,1,1,1
260,10,100,16.2,1008.0,1,1,1
250,9,150,14.2,1012.0,1,0,1
260,5,150,13.5,1012.4,1,0,1
260,5,150,12.3,1012.6,1,0,1
70,2,250,11.9,1012.7,1,0,1
100,2,250,12.0,1012.7,1,0,1
90,2,150,12.2,1013.1,1,1,1
180,3,30,13.9,1013.6,1,1,1
200,10,60,15.3,1013.9,1,1,1
220,10,100,15.1,1014.3,1,1,1
200,8,30,15.0,1014.5,1,1,1
190,11,30,15.2,1014.6,1,1,1
190,14,30,15.7,1014.5,1,1,1
200,15,20,15.8,1014.7,1,1,1
220,13,20,15.7,1014.9,1,1,1
220,15,20,15.9,1014.9,1,1,1
230,16,0,15.8,1015.0,1,1,1
230,18,5,16.0,1015.1,1,1,1
240,9,0,15.9,1016.3,1,0,1
250,7,0,15.9,1016.5,1,0,1
240,7,0,15.9,1016.6,1,0,1
240,5,0,15.9,1016.6,1,0,1
250,5,0,15.8,1016.7,1,0,1
230,5,0,15.7,1017.0,1,0,1
230,4,0,15.7,1017.1,1,1,1
220,6,0,15.8,1017.5,1,1,1
230,3,0,16.4,1017.9,1,1,1
220,5,5,17.2,1018.1,1,1,1
210,5,30,17.6,1018.2,1,1,1
210,7,30,18.1,1018.4,1,1,1
220,5,30,19.2,1018.5,1,1,1
220,5,30,19.0,1018.4,1,1,1
220,4,30,19.7,1018.3,1,1,1
220,5,30,20.7,1018.0,1,1,1
230,7,30,20.5,1018.1,1,1,1
220,7,250,19.9,1017.9,1,1,1
210,8,100,18.2,1018.1,1,1,1
320,3,250,15.9,1018.7,1,0,1
10,2,60,15.7,1018.8,1,0,1
330,3,0,14.6,1018.8,1,0,1
330,3,0,14.5,1018.9,1,0,1
330,2,0,13.6,1019.0,1,0,1
330,2,60,13.9,1019.4,1,1,1
60,2,100,15.4,1019.7,1,1,1
20,2,100,16.7,1020.0,1,1,1
210,3,100,18.8,1020.3,1,1,1
230,6,60,20.1,1020.4,1,1,1
220,8,60,20.6,1020.4,1,1,1
240,7,60,21.5,1020.5,1,1,1
230,7,60,21.2,1020.3,1,1,1
230,7,250,21.2,1020.3,1,1,1
210,8,250,21.4,1020.0,1,1,1
220,9,250,20.2,1019.8,1,1,1
240,6,250,20.4,1019.9,1,1,1
240,4,150,20.5,1019.9,1,1,1
90,4,250,16.4,1020.4,1,0,1
70,4,250,15.3,1020.1,1,0,1
70,4,250,14.7,1019.7,1,0,1
60,5,250,13.8,1019.7,1,0,1
80,3,250,15.3,1020.1,1,1,1
80,6,250,17.5,1020.1,1,1,1
80,6,250,19.7,1020.0,1,1,1
90,9,250,21.0,1019.7,1,1,1
90,11,250,22.2,1019.7,1,1,1
90,10,250,23.2,1019.5,1,1,1
110,13,250,23.8,1019.2,1,1,1
120,12,250,24.1,1019.0,1,1,1
110,9,250,24.4,1018.7,1,1,1
100,9,250,24.1,1018.3,1,1,1
110,13,250,23.4,1017.9,1,1,1
110,11,250,22.9,1017.7,1,1,1
100,8,250,21.9,1017.2,1,1,1
80,6,250,18.5,1016.9,1,0,1
90,10,250,16.4,1013.6,0,0,1
90,9,250,16.3,1013.3,0,0,1
90,10,250,16.2,1012.7,0,0,1
100,11,250,16.7,1012.6,0,1,1
90,11,250,17.9,1012.4,0,1,1
90,10,250,19.6,1012.1,0,1,1
100,9,250,20.9,1011.8,0,1,1
90,12,250,20.5,1011.4,0,1,1
100,14,250,20.9,1010.8,0,1,1
100,13,250,22.1,1010.4,0,1,1
100,14,250,22.4,1010.1,0,1,1
100,15,250,21.4,1009.7,0,1,1
90,12,250,21.3,1009.1,0,1,1
90,9,250,19.7,1008.9,0,1,1
90,8,100,17.6,1008.2,0,1,1
90,4,20,15.9,1006.3,0,0,1
100,3,60,15.2,1005.0,0,0,1
190,9,20,16.9,1004.0,0,1,1
230,7,60,17.3,1004.0,0,1,1
220,11,100,18.6,1004.0,0,1,1
150,6,20,17.2,1003.0,0,1,1
170,8,20,16.7,1003.0,0,0,1
190,13,100,16.4,1002.0,1,0,1
170,12,30,17.0,1002.0,1,0,1
160,12,30,17.2,1002.0,1,1,1
170,14,10,16.8,1002.0,1,1,1
180,19,10,16.9,1002.0,1,1,1
190,16,10,17.3,1002.0,1,1,1
190,16,10,17.9,1002.0,1,1,1
200,13,30,18.0,1002.0,1,1,1
200,14,10,19.3,1002.0,1,1,1
200,14,30,19.3,1002.0,1,1,1
200,14,30,19.7,1002.3,1,1,1
200,14,30,19.3,1002.5,1,1,1
200,13,60,18.7,1002.6,1,1,1
200,11,30,17.8,1002.7,1,1,1
200,10,60,17.8,1002.8,1,1,1
200,8,60,17.6,1002.7,1,1,1
190,9,20,16.4,1003.1,1,0,1
200,8,150,15.9,1002.8,1,0,1
190,5,20,16.2,1002.7,1,0,1
170,6,100,16.2,1002.8,1,0,1
170,7,10,16.5,1002.9,1,1,1
160,8,20,17.5,1003.2,1,1,1
160,7,20,17.7,1003.5,1,1,1
190,8,20,18.9,1003.8,1,1,1
190,9,20,19.6,1003.9,1,1,1
160,9,20,19.6,1004.0,1,1,1
170,10,150,19.6,1003.9,1,1,1
150,7,30,20.2,1003.8,1,1,1
150,9,30,20.1,1003.3,1,1,1
130,12,150,19.7,1003.0,1,1,1
130,10,150,19.5,1002.8,1,1,1
120,11,100,18.8,1002.5,1,1,1
110,10,30,17.7,1002.2,1,1,1
100,9,20,17.3,1001.9,1,0,1
90,9,250,17.4,997.5,1,0,1
90,9,250,17.3,994.4,1,0,1
90,11,100,18.2,993.8,1,0,1
90,13,150,18.5,992.5,1,1,1
120,14,30,17.7,993.4,1,1,1
160,16,20,17.7,993.5,1,1,1
180,19,30,17.2,993.7,1,1,1
190,17,100,16.6,993.3,1,1,1
180,22,100,16.4,994.4,1,1,1
190,23,60,16.8,994.9,1,1,1
190,24,60,18.6,995.6,1,1,1
190,25,60,18.4,996.0,1,1,1
180,25,60,18.6,996.3,1,1,1
190,26,60,18.5,996.3,1,1,1
190,32,60,17.7,996.3,1,1,1
180,35,60,17.3,996.2,1,1,1
200,30,60,16.8,997.2,1,1,1
200,27,60,16.6,998.0,1,0,1
210,20,150,16.1,999.0,1,0,1
200,25,30,16.4,1000.3,1,0,1
210,20,30,16.3,1002.6,1,0,1
210,20,30,16.0,1003.1,1,0,1
200,18,100,16.3,1003.9,1,0,1
200,17,30,16.2,1004.6,1,1,1
180,17,60,16.6,1005.0,1,1,1
180,22,60,16.4,1005.5,1,1,1
180,22,60,17.0,1006.0,1,1,1
200,20,30,18.2,1006.9,1,1,1
180,21,150,18.7,1007.2,1,1,1
180,20,250,18.1,1007.4,1,1,1
180,18,100,19.1,1007.8,1,1,1
190,19,30,17.7,1007.8,1,1,1
170,10,100,17.0,1007.5,1,1,1
150,12,150,16.8,1007.4,1,1,1
150,11,10,15.2,1006.5,1,1,1
110,12,100,15.7,1005.7,1,1,1
120,9,30,15.6,1005.7,1,1,1
140,16,20,16.1,1004.9,1,0,1
170,16,5,16.4,1004.2,1,0,1
180,18,10,16.6,1003.9,1,0,1
180,20,5,16.8,1002.9,1,0,1
180,24,5,16.9,1002.6,1,0,1
180,26,10,17.0,1002.5,1,0,1
180,25,10,17.0,1003.1,1,1,1
190,24,10,17.0,1003.8,1,1,1
190,24,10,17.1,1003.9,1,1,1
190,28,5,17.2,1004.3,1,1,1
200,18,10,17.3,1005.0,1,1,1
180,14,100,17.0,1005.9,1,1,1
170,14,100,17.4,1005.9,1,1,1
170,15,150,19.6,1005.8,1,1,1
170,15,150,19.4,1005.8,1,1,1
170,14,150,19.7,1006.0,1,1,1
180,12,250,19.0,1005.9,1,1,1
190,10,100,18.9,1006.1,1,1,1
160,6,150,18.1,1006.1,1,1,1
140,8,250,17.7,1005.5,1,1,1
180,7,20,17.5,1006.3,1,0,1
170,13,5,16.8,1005.6,0,0,1
180,16,5,16.8,1005.7,0,0,1
190,14,5,16.9,1006.3,0,1,1
200,12,5,17.1,1007.0,0,1,1
210,7,5,17.3,1007.2,0,1,1
200,8,5,17.6,1007.7,0,1,1
200,9,5,17.7,1008.7,0,1,1
210,6,0,18.3,1009.0,0,1,1
210,6,0,17.9,1009.1,0,1,1
210,6,0,18.8,1009.7,0,1,1
210,4,60,20.8,1009.5,0,1,1
200,5,30,18.7,1009.9,0,1,1
100,3,0,17.4,1011.3,0,0,1
90,2,0,17.3,1011.1,0,0,1
160,1,0,17.3,1010.2,0,0,1
240,5,0,17.1,1011.1,0,1,1
290,4,0,17.3,1011.0,0,1,1
330,3,20,17.8,1010.6,0,1,1
210,9,250,20.1,1010.8,0,1,1
200,8,30,17.8,1011.1,0,1,1
240,2,10,16.5,1012.3,0,0,1
140,2,20,16.6,1012.1,1,0,1
210,14,0,17.0,1012.0,1,0,1
220,10,5,16.9,1012.5,1,0,1
240,10,10,16.6,1013.1,1,1,1
260,8,10,16.9,1013.7,1,1,1
270,8,30,16.8,1014.2,1,1,1
250,4,30,18.1,1014.6,1,1,1
230,7,30,20.0,1015.1,1,1,1
230,9,250,20.4,1015.2,1,1,1
210,9,250,20.4,1015.1,1,1,1
200,10,250,20.3,1015.2,1,1,1
200,11,250,20.2,1015.4,1,1,1
210,11,250,20.2,1015.4,1,1,1
210,9,250,19.4,1015.4,1,1,1
200,11,250,18.8,1015.3,1,1,1
220,10,250,17.8,1014.9,1,1,1
250,4,250,15.5,1014.6,1,0,1
220,5,10,16.0,1013.6,1,0,1
250,5,20,16.1,1013.4,1,0,1
260,2,20,15.9,1012.9,1,1,1
200,7,20,16.4,1013.1,1,1,1
220,9,20,17.3,1013.4,1,1,1
220,11,100,17.3,1013.1,1,1,1
220,11,30,17.8,1013.1,1,1,1
220,11,20,18.0,1012.8,1,1,1
220,12,30,18.2,1012.6,1,1,1
210,11,20,20.0,1012.1,1,1,1
220,15,20,19.1,1011.9,1,1,1
230,14,150,19.5,1011.7,1,1,1
230,14,250,19.3,1011.5,1,1,1
230,17,30,17.9,1011.3,1,1,1
250,14,60,17.3,1011.3,1,1,1
250,14,60,17.0,1011.6,1,1,1
260,9,100,14.2,1013.0,1,0,1
260,7,30,13.8,1013.0,1,0,1
270,7,250,13.1,1013.5,1,0,1
280,5,250,13.1,1013.7,1,0,1
260,7,250,13.8,1014.0,1,1,1
260,9,250,14.7,1013.9,1,1,1
260,9,250,16.2,1014.2,1,1,1
260,10,30,16.9,1014.4,1,1,1
240,11,30,17.9,1014.5,1,1,1
240,14,30,18.5,1014.4,1,1,1
240,13,60,19.1,1014.3,1,1,1
230,16,150,19.5,1014.1,1,1,1
230,15,150,19.6,1013.9,1,1,1
240,13,150,18.9,1013.6,1,1,1
240,14,150,17.9,1013.5,1,1,1
230,15,100,17.9,1013.4,1,1,1
270,9,60,17.1,1013.3,1,1,1
280,8,250,16.1,1013.6,1,1,1
270,9,250,14.9,1013.7,1,0,1
280,4,250,13.2,1012.6,1,0,1
320,1,250,12.2,1012.1,1,0,1
80,3,30,12.0,1011.2,1,0,1
100,2,100,12.1,1010.8,1,0,1
250,3,100,12.0,1010.6,1,1,1
90,3,250,13.8,1010.6,1,1,1
270,2,250,15.5,1010.4,1,1,1
220,2,250,17.1,1010.3,1,1,1
190,3,150,17.5,1010.0,1,1,1
200,7,150,17.7,1009.8,1,1,1
200,7,250,18.3,1009.4,1,1,1
190,9,250,17.5,1008.5,1,1,1
190,8,150,17.8,1008.1,1,1,1
200,9,150,17.3,1007.6,1,1,1
200,11,150,16.4,1007.0,1,1,1
200,9,150,16.4,1006.6,1,1,1
220,9,150,15.8,1006.0,1,1,1
220,7,250,15.3,1005.4,1,1,1
190,5,30,14.9,1005.0,1,0,1
150,4,150,14.2,1002.9,1,0,1
180,7,30,14.8,1001.4,1,0,1
180,12,30,14.7,1000.7,1,0,1
180,14,30,14.8,1000.1,1,0,1
160,9,150,13.5,999.1,1,0,1
140,9,150,13.7,998.6,1,1,1
140,10,100,14.7,997.8,1,1,1
140,8,60,14.4,997.4,1,1,1
150,17,20,14.4,996.7,1,1,1
150,16,10,14.6,995.9,1,1,1
120,11,20,14.8,995.6,1,1,1
140,12,10,15.4,994.7,1,1,1
180,15,5,16.2,993.7,1,1,1
180,19,10,16.9,993.2,1,1,1
190,17,10,17.4,993.1,1,1,1
210,12,10,17.5,993.1,1,1,1
220,10,20,17.5,993.0,1,1,1
200,13,30,17.1,992.8,1,1,1
210,16,20,16.4,992.8,1,1,1
200,15,10,16.2,993.4,1,0,1
230,13,60,15.1,992.6,0,0,1
260,10,30,15.0,992.9,0,0,1
260,12,20,15.3,993.5,0,1,1
250,11,30,15.6,994.3,0,1,1
270,10,30,15.6,994.9,0,1,1
240,10,20,15.9,995.5,0,1,1
240,10,20,16.1,995.9,0,1,1
270,8,20,17.2,996.5,0,1,1
270,17,20,15.3,997.3,0,1,1
270,15,30,16.5,997.8,0,1,1
260,15,30,15.7,998.9,0,1,1
270,14,30,15.2,1000.1,0,1,1
270,12,250,14.6,1005.5,0,0,1
270,11,150,13.9,1008.8,0,0,1
260,7,250,12.9,1009.1,0,0,1
270,6,250,16.5,1012.1,0,1,1
220,12,150,16.8,1013.1,0,1,1
220,12,100,17.0,1013.0,0,1,1
220,9,250,16.4,1012.9,0,1,1
180,12,20,15.5,1011.6,0,0,1
190,18,100,15.8,1010.8,1,0,0
180,17,20,15.8,1010.4,1,0,0
180,14,20,15.8,1009.4,1,0,0
180,17,30,15.9,1008.1,1,0,0
180,20,30,15.9,1007.1,1,1,0
170,16,30,16.0,1005.8,1,1,0
180,17,30,16.3,1005.4,1,1,0
180,19,30,16.6,1004.1,1,1,0
200,22,20,16.5,1002.4,1,1,0
260,9,30,14.6,1003.3,1,0,0
250,9,30,15.0,1003.8,1,0,0
260,8,60,14.9,1004.1,1,0,1
240,9,60,14.7,1004.1,1,0,1
250,8,30,15.1,1005.2,1,0,1
250,9,30,15.2,1005.6,1,0,1
250,11,30,15.1,1006.3,1,1,1
260,9,100,15.1,1007.3,1,1,1
250,8,250,16.2,1008.0,1,1,1
240,6,250,17.8,1008.4,1,1,1
220,9,30,18.4,1008.9,1,1,1
210,10,250,18.1,1009.1,1,1,1
220,10,250,19.3,1009.2,1,1,1
200,11,250,18.9,1009.0,1,1,1
190,14,250,18.1,1008.9,1,1,1
200,14,250,17.6,1008.9,1,1,1
200,13,100,17.3,1008.8,1,1,1
200,14,30,16.7,1008.4,1,1,1
190,13,30,16.3,1007.8,1,1,1
200,18,30,16.4,1007.5,1,1,1
200,17,20,16.3,1007.7,1,0,1
200,15,20,16.2,1007.7,1,0,1
200,15,30,15.9,1007.4,1,0,1
200,18,30,15.9,1007.0,1,0,1
200,21,100,15.8,1004.8,1,0,1
200,21,30,15.7,1004.4,1,0,1
190,23,30,15.6,1003.8,1,1,1
200,21,20,15.4,1003.2,1,1,1
210,17,20,14.3,1003.2,1,1,1
210,16,30,14.5,1003.8,1,1,1
190,17,20,14.5,1003.4,1,1,1
210,14,30,14.7,1003.9,1,1,1
220,18,30,16.2,1003.9,1,1,1
230,24,60,16.8,1004.3,1,1,1
230,18,250,17.7,1004.7,1,1,1
230,20,250,17.7,1004.7,1,1,1
240,15,60,17.3,1004.7,1,1,1
230,22,250,16.8,1004.6,1,1,1
230,23,60,16.0,1004.5,1,1,1
240,18,100,14.2,1005.0,1,1,1
240,20,30,15.0,1005.4,1,0,1
250,21,30,14.1,1005.6,1,0,1
260,18,150,14.5,1005.7,1,0,1
270,15,60,14.2,1006.1,1,0,1
280,11,150,14.3,1007.7,1,0,1
290,11,100,14.6,1008.4,1,0,1
310,9,60,14.3,1009.6,1,1,1
310,9,30,14.6,1010.7,1,1,1
320,11,30,14.9,1011.7,1,1,1
320,12,100,15.8,1012.6,1,1,1
340,12,60,16.6,1013.5,1,1,1
330,13,60,16.8,1014.3,1,1,1
330,15,100,16.3,1015.3,1,1,1
330,16,100,17.0,1016.5,1,1,1
330,16,100,17.0,1017.4,1,1,1
330,16,100,17.0,1018.0,1,1,1
330,18,250,16.4,1018.9,1,1,1
340,17,250,15.2,1019.5,1,1,1
350,13,250,14.8,1020.2,1,1,1
340,10,250,13.5,1020.8,1,1,1
330,5,250,12.0,1021.5,1,0,1
350,9,250,11.6,1022.2,1,0,1
330,5,250,10.1,1023.4,1,0,1
260,5,250,9.2,1024.0,1,0,1
350,3,250,8.9,1025.0,1,0,1
80,3,250,8.6,1025.4,1,1,1
80,3,250,9.9,1025.4,1,1,1
20,1,100,12.8,1026.0,1,1,1
280,2,250,14.9,1025.9,1,1,1
260,4,100,15.9,1026.3,1,1,1
230,8,100,16.9,1026.1,1,1,1
220,10,100,17.5,1026.2,1,1,1
230,9,100,17.9,1026.0,1,1,1
310,11,100,16.8,1025.8,1,1,1
310,11,100,16.7,1025.4,1,1,1
310,11,100,16.3,1025.5,1,1,1
330,8,250,16.7,1025.3,1,1,1
320,11,200,15.2,1025.2,1,1,1
320,9,200,14.8,1025.2,1,1,1
290,6,60,14.5,1025.3,1,0,1
280,7,60,14.2,1025.1,1,0,1
290,7,60,14.0,1024.9,1,0,1
290,7,60,13.9,1024.5,1,0,1
270,8,60,14.3,1023.8,0,0,1
260,7,30,14.3,1023.3,0,0,1
290,8,30,14.6,1022.9,0,0,1
300,7,30,14.5,1022.7,0,0,1
290,6,30,14.9,1022.7,0,0,1
250,6,30,14.7,1022.6,0,1,1
250,7,30,15.0,1022.9,0,1,1
260,6,30,15.5,1022.9,0,1,1
270,6,30,16.1,1022.8,0,1,1
290,4,30,16.3,1022.6,0,1,1
270,8,30,19.1,1022.2,0,1,1
240,7,100,18.8,1021.8,0,1,1
240,10,250,20.0,1021.2,0,1,1
260,10,250,20.1,1021.3,0,1,1
260,10,250,20.1,1021.2,0,1,1
290,10,250,19.4,1021.1,0,1,1
280,10,250,18.5,1021.0,0,1,1
280,10,250,16.7,1020.8,0,1,1
270,6,250,15.1,1020.7,0,1,1
270,9,250,13.5,1021.1,0,0,1
260,8,30,14.1,1021.1,0,0,1
260,7,30,14.0,1021.0,0,0,1
250,10,30,15.1,1020.1,0,1,1
250,10,20,15.4,1020.0,0,1,1
270,13,30,15.8,1020.3,0,1,1
260,9,30,16.0,1020.2,0,1,1
240,10,20,16.2,1020.6,0,1,1
240,5,0,15.8,1020.4,0,1,1
230,4,0,15.8,1021.3,0,0,1
260,3,10,15.7,1021.6,1,0,1
270,1,20,15.5,1021.5,1,0,1
350,2,60,14.5,1020.8,1,0,1
360,2,250,13.1,1021.4,1,1,1
50,4,250,14.0,1021.7,1,1,1
50,2,250,15.5,1021.1,1,1,1
330,4,250,16.6,1021.4,1,1,1
270,3,250,17.7,1021.5,1,1,1
210,4,250,19.8,1021.3,1,1,1
210,6,250,19.6,1021.4,1,1,1
210,10,250,19.2,1021.2,1,1,1
210,9,250,19.0,1020.6,1,1,1
200,9,250,18.9,1020.4,1,1,1
200,7,250,18.9,1020.1,1,1,1
200,8,250,17.2,1020.0,1,1,1
200,7,250,16.6,1020.1,1,1,1
210,5,60,15.8,1020.2,1,1,1
200,2,60,15.8,1020.5,1,0,1
340,5,5,14.6,1019.8,1,0,1
350,3,10,13.2,1018.9,1,0,1
320,4,10,13.4,1019.0,1,0,1
330,5,20,13.2,1019.2,1,1,1
340,7,20,13.5,1019.3,1,1,1
350,7,20,13.9,1019.5,1,1,1
330,4,20,16.0,1019.7,1,1,1
340,7,20,16.4,1019.7,1,1,1
330,6,20,17.7,1019.5,1,1,1
320,8,30,19.4,1019.3,1,1,1
330,7,30,20.1,1019.2,1,1,1
350,6,30,20.0,1018.8,1,1,1
310,4,30,20.6,1018.6,1,1,1
310,5,30,19.6,1018.4,1,1,1
330,9,30,19.1,1018.3,1,1,1
350,8,30,18.6,1018.5,1,1,1
360,7,30,18.3,1018.7,1,1,1
340,7,20,17.9,1019.4,1,0,1
20,8,250,12.6,1019.4,1,0,1
30,4,60,11.9,1019.4,1,0,1
360,4,60,12.5,1020.1,1,0,1
20,6,100,13.1,1020.3,1,0,1
20,7,100,13.1,1020.8,1,1,1
20,5,100,13.7,1021.4,1,1,1
20,6,100,15.2,1021.7,1,1,1
50,6,250,17.0,1022.0,1,1,1
40,8,250,17.9,1022.1,1,1,1
10,9,100,17.9,1022.5,1,1,1
30,6,250,19.3,1022.2,1,1,1
40,6,250,20.4,1022.1,1,1,1
50,6,250,20.8,1021.9,1,1,1
190,10,250,18.7,1021.7,1,1,1
200,8,250,18.1,1021.7,1,1,1
210,7,250,17.1,1022.0,1,1,1
210,6,250,15.8,1022.1,1,1,1
220,5,250,13.9,1022.6,1,1,1
40,4,250,13.0,1023.4,1,0,1
50,3,250,10.7,1023.4,1,0,1
70,5,250,10.6,1022.9,1,0,1
90,6,250,10.7,1022.9,1,0,1
100,6,250,10.8,1023.2,1,1,1
110,5,250,11.9,1023.5,1,1,1
110,5,250,15.1,1023.5,1,1,1
80,3,30,17.1,1023.8,1,1,1
140,7,250,17.9,1023.8,1,1,1
170,6,250,18.6,1023.5,1,1,1
200,10,250,18.3,1023.3,1,1,1
200,10,250,18.5,1022.8,1,1,1
220,9,250,18.5,1022.7,1,1,1
220,6,250,18.3,1022.3,1,1,1
210,6,250,18.0,1021.6,1,1,1
210,6,250,15.9,1021.3,1,1,1
200,6,250,15.4,1021.1,1,1,1
250,1,250,12.0,1021.4,1,0,1
60,2,250,10.0,1021.1,1,0,1
40,2,250,9.0,1020.7,1,0,1
330,1,250,7.6,1020.1,1,0,1
30,1,250,7.5,1020.2,1,1,1
50,2,250,8.7,1020.4,1,1,1
320,1,250,10.2,1020.7,1,1,1
260,2,250,12.3,1021.0,1,1,1
240,2,250,15.1,1021.1,1,1,1
220,3,250,17.7,1020.8,1,1,1
200,5,250,18.8,1020.4,1,1,1
210,9,250,18.3,1020.2,1,1,1
220,10,250,18.3,1019.9,1,1,1
220,8,250,18.3,1019.5,1,1,1
210,8,250,17.7,1019.1,1,1,1
210,7,250,16.9,1019.0,1,1,1
220,5,250,16.0,1018.7,1,1,1
210,3,250,13.6,1018.5,1,1,1
230,3,250,12.7,1018.7,1,0,1
320,1,250,11.9,1018.6,1,0,1
70,5,250,8.8,1016.7,0,0,1
40,2,250,8.0,1016.4,0,0,1
50,6,0,6.9,1015.8,0,1,1
40,6,250,7.8,1015.7,0,1,1
80,4,0,10.7,1015.7,0,1,1
80,5,250,14.6,1015.5,0,1,1
80,3,250,16.7,1015.2,0,1,1
100,4,250,17.8,1014.8,0,1,1
110,6,250,21.6,1012.4,0,1,1
120,8,250,21.6,1011.4,0,1,1
110,10,250,16.9,1010.2,0,1,1
70,5,250,13.9,1009.7,0,0,1
100,6,250,12.1,1006.2,0,0,1
200,9,10,15.7,1005.3,0,1,1
220,10,20,16.0,1005.6,0,1,1
200,9,20,16.8,1005.5,0,1,1
210,11,30,16.6,1005.9,0,1,1
200,16,30,17.3,1004.5,0,1,1
190,15,30,16.7,1003.7,0,1,1
240,12,20,15.7,1004.1,0,0,1
230,15,20,15.9,1003.7,1,0,1
240,11,100,15.5,1003.6,1,0,1
220,10,100,15.9,1003.9,1,1,1
210,10,100,16.1,1004.1,1,1,1
210,12,60,16.2,1004.3,1,1,1
210,13,10,16.4,1004.5,1,1,1
210,15,30,16.6,1004.8,1,1,1
200,15,30,18.0,1004.7,1,1,1
210,13,20,17.9,1005.0,1,1,1
200,17,20,17.6,1004.9,1,1,1
210,16,30,17.3,1004.6,1,1,1
210,17,30,17.3,1004.5,1,1,1
220,16,30,16.6,1004.5,1,1,1
220,19,60,16.1,1004.6,1,1,1
220,17,100,16.2,1004.4,1,1,1
220,17,30,16.0,1004.4,1,1,1
250,17,150,15.5,1005.1,1,0,1
260,9,250,14.4,1005.4,1,0,1
290,10,150,13.0,1006.5,1,0,1
280,10,250,12.5,1007.0,1,0,1
270,9,250,11.7,1007.6,1,1,1
290,6,250,12.1,1008.3,1,1,1
300,10,250,13.5,1009.1,1,1,1
310,9,250,13.9,1010.1,1,1,1
300,12,100,15.1,1010.8,1,1,1
310,12,150,14.8,1011.3,1,1,1
280,15,150,15.4,1011.6,1,1,1
300,14,150,14.8,1012.1,1,1,1
300,13,100,14.3,1012.3,1,1,1
290,12,100,14.4,1012.2,1,1,1
290,13,100,14.1,1012.4,1,1,1
300,11,150,13.7,1012.5,1,1,1
280,10,250,13.1,1012.8,1,1,1
260,10,200,12.6,1013.2,1,0,1
280,10,150,12.2,1013.2,1,0,1
290,3,60,10.7,1011.8,1,0,1
270,6,100,10.6,1011.3,1,0,1
260,8,150,11.5,1011.1,1,1,1
260,9,150,12.7,1011.0,1,1,1
260,10,60,13.6,1011.0,1,1,1
260,9,30,14.2,1011.3,1,1,1
240,9,30,14.8,1010.9,1,1,1
240,9,30,14.6,1010.6,1,1,1
250,13,30,15.1,1010.6,1,1,1
240,11,30,15.3,1010.4,1,1,1
250,12,20,15.4,1009.8,1,1,1
240,10,60,15.8,1009.6,1,1,1
250,12,100,17.2,1009.7,1,1,1
250,10,100,15.8,1009.6,1,1,1
290,7,100,15.9,1009.8,1,1,1
310,7,250,14.9,1010.4,1,1,1
360,7,250,11.5,1013.9,1,0,1
350,4,250,8.4,1015.6,1,0,1
350,3,250,7.6,1016.1,1,0,1
60,3,250,7.8,1016.4,1,1,1
70,3,250,8.2,1017.0,1,1,1
220,1,250,10.4,1017.0,1,1,1
260,1,250,12.7,1017.2,1,1,1
200,4,250,15.0,1017.4,1,1,1
220,8,250,15.9,1017.4,1,1,1
220,10,250,16.6,1016.9,1,1,1
240,9,250,17.6,1016.7,1,1,1
240,13,250,17.5,1016.2,1,1,1
260,10,250,18.0,1015.6,1,1,1
290,10,60,16.1,1015.5,1,1,1
280,12,60,15.1,1015.3,1,1,1
290,11,30,15.0,1015.3,1,1,1
270,12,60,14.9,1015.0,1,1,1
250,12,60,14.8,1014.7,1,0,1
250,12,60,14.9,1014.2,1,0,1
260,13,60,14.9,1014.1,1,0,1
270,12,30,14.9,1014.0,1,0,1
260,14,60,14.9,1013.0,1,0,1
270,15,60,14.9,1012.2,1,0,1
270,15,30,14.9,1011.5,1,0,1
260,16,60,14.8,1010.9,1,0,1
270,14,30,14.1,1010.6,1,0,1
260,12,30,14.1,1010.4,1,1,1
260,12,30,14.8,1010.4,1,1,1
270,16,30,15.3,1010.3,1,1,1
270,14,30,16.3,1010.3,1,1,1
290,15,20,15.7,1010.7,1,1,1
300,14,60,16.7,1011.0,1,1,1
290,15,60,17.4,1011.1,1,1,1
320,14,100,17.1,1011.4,1,1,1
320,14,100,16.4,1011.5,1,1,1
320,14,100,16.7,1011.4,1,1,1
300,11,100,16.5,1011.3,1,1,1
310,12,100,16.6,1011.8,1,1,1
300,10,100,15.5,1012.2,1,1,1
290,8,100,14.3,1012.4,1,1,1
110,1,250,10.7,1014.0,0,0,1
70,1,250,9.8,1013.8,0,0,1
70,2,250,9.3,1013.7,0,0,1
60,3,250,9.2,1013.7,0,0,1
60,3,250,9.1,1013.8,0,1,1
340,1,250,9.5,1013.8,0,1,1
300,2,250,10.8,1013.9,0,1,1
40,1,250,12.7,1014.0,0,1,1
280,2,250,14.8,1013.7,0,1,1
210,4,250,17.3,1013.5,0,1,1
200,9,250,17.6,1013.2,0,1,1
210,9,250,18.3,1012.9,0,1,1
210,10,250,18.4,1012.6,0,1,1
220,10,250,18.2,1012.1,0,1,1
260,9,60,14.9,1011.3,0,1,1
290,8,100,14.7,1011.4,0,0,1
260,5,60,13.8,1010.3,0,0,1
240,7,60,13.3,1010.1,0,0,1
240,7,100,14.6,1009.1,0,1,1
250,8,60,15.4,1009.0,0,1,1
240,8,60,15.9,1008.9,0,1,1
230,13,60,16.0,1007.9,0,1,1
250,11,30,15.3,1007.9,0,0,1
280,8,100,14.2,1007.9,1,0,1
270,7,100,12.9,1008.2,1,0,1
280,7,100,12.7,1008.4,1,0,1
280,5,100,11.6,1008.5,1,1,1
270,5,100,12.4,1008.7,1,1,1
250,5,250,14.1,1008.9,1,1,1
270,9,100,15.5,1009.0,1,1,1
220,9,100,17.4,1008.9,1,1,1
240,10,150,16.7,1009.0,1,1,1
230,15,150,16.9,1009.1,1,1,1
230,15,150,16.9,1008.7,1,1,1
230,14,100,17.0,1008.3,1,1,1
230,15,100,15.8,1008.0,1,1,1
250,14,60,14.2,1008.0,1,1,1
280,12,20,13.6,1008.0,1,1,1
250,11,100,13.3,1007.6,1,1,1
260,12,150,13.0,1007.8,1,0,1
270,12,150,12.5,1007.4,1,0,1
270,10,150,11.6,1007.3,1,0,1
270,10,150,11.5,1007.4,1,0,1
290,5,250,10.8,1008.0,1,1,1
280,8,100,11.6,1008.5,1,1,1
270,9,250,12.5,1009.2,1,1,1
300,11,250,14.0,1009.9,1,1,1
320,12,100,14.6,1010.4,1,1,1
320,13,150,14.8,1010.7,1,1,1
320,13,150,15.8,1011.4,1,1,1
330,13,100,14.7,1011.7,1,1,1
330,12,100,15.8,1012.3,1,1,1
320,11,150,15.1,1012.6,1,1,1
340,13,100,15.0,1013.1,1,1,1
330,13,100,13.9,1013.8,1,1,1
340,11,100,12.9,1014.4,1,1,1
290,5,250,10.5,1015.8,1,0,1
310,4,100,10.4,1016.2,1,0,1
90,3,250,6.5,1017.6,1,0,1
110,2,250,6.0,1017.6,1,0,1
90,5,250,6.0,1017.9,1,0,1
80,3,150,5.8,1018.2,1,1,1
20,2,250,6.2,1018.6,1,1,1
340,2,250,8.6,1019.0,1,1,1
270,3,150,11.7,1019.5,1,1,1
230,3,150,14.4,1019.7,1,1,1
300,6,100,14.1,1019.6,1,1,1
300,7,150,15.8,1019.5,1,1,1
310,9,100,14.7,1019.2,1,1,1
290,8,100,16.1,1018.8,1,1,1
290,10,150,15.9,1018.8,1,1,1
290,8,150,16.0,1018.5,1,1,1
300,7,100,14.6,1018.5,1,1,1
300,9,250,13.1,1018.8,1,1,1
280,5,150,12.1,1018.8,1,1,1
260,4,150,11.7,1019.1,1,0,1
70,3,60,9.0,1016.7,1,0,1
100,4,150,8.4,1016.0,1,0,1
90,4,150,8.3,1015.9,1,0,1
80,4,150,8.4,1015.8,1,1,1
90,5,150,8.9,1015.9,1,1,1
90,3,150,10.4,1015.8,1,1,1
30,1,100,13.0,1015.9,1,1,1
220,3,60,14.0,1015.8,1,1,1
220,11,60,14.1,1015.7,1,1,1
210,9,60,14.5,1015.6,1,1,1
200,10,60,15.1,1015.1,1,1,1
200,8,150,15.9,1014.8,1,1,1
210,7,250,15.3,1014.1,1,1,1
200,6,250,14.2,1013.9,1,1,1
180,5,250,13.7,1013.5,1,1,1
170,4,250,12.4,1013.4,1,1,1
170,3,250,11.6,1013.3,1,1,1
80,3,250,9.9,1012.9,1,0,1
100,5,250,9.2,1012.4,1,0,1
50,4,250,8.3,1010.6,1,0,1
80,5,250,8.7,1010.2,1,0,1
90,4,250,8.4,1010.0,1,1,1
80,2,250,8.7,1009.8,1,1,1
10,2,250,9.9,1010.0,1,1,1
230,2,250,12.0,1010.4,1,1,1
190,1,250,13.8,1010.2,1,1,1
190,1,200,15.0,1010.2,1,1,1
190,1,200,15.0,1009.6,1,1,1
190,1,200,15.0,1009.6,1,1,1
190,1,200,15.0,1009.6,1,1,1
310,6,60,16.5,1009.6,1,1,1
330,8,150,15.9,1009.6,1,1,1
340,8,150,15.2,1009.6,1,1,1
330,6,150,14.4,1009.4,1,1,1
340,6,250,10.8,1011.0,1,0,1
350,6,250,10.3,1011.1,1,0,1
80,7,250,8.5,1011.8,0,0,1
50,9,250,8.7,1012.4,0,0,1
50,6,250,8.1,1012.9,0,1,1
70,6,250,8.6,1013.1,0,1,1
70,10,250,10.3,1013.2,0,1,1
80,11,250,11.7,1013.6,0,1,1
80,10,250,12.9,1013.3,0,1,1
90,13,250,13.3,1013.3,0,1,1
90,12,250,13.8,1013.1,0,1,1
110,10,250,14.6,1012.9,0,1,1
90,9,60,13.9,1012.8,0,1,1
90,9,60,13.3,1012.7,0,1,1
100,9,250,12.9,1012.3,0,1,1
90,6,250,11.4,1009.8,0,0,1
90,7,100,12.6,1008.7,0,0,1
80,7,150,11.7,1004.9,0,0,1
90,7,150,11.5,1004.1,0,0,1
90,14,30,11.5,1000.7,0,1,1
90,17,150,11.2,997.8,0,1,1
90,19,30,11.6,996.5,0,1,1
90,20,30,12.2,995.2,0,1,1
90,19,30,12.5,994.4,0,1,1
90,15,20,12.4,993.8,0,1,1
90,11,10,13.4,990.9,0,1,1
170,12,10,15.4,985.1,0,0,1
180,12,0,15.4,984.0,1,0,1
330,17,10,11.3,982.2,1,0,1
330,16,30,11.1,983.2,1,0,1
310,16,30,11.0,984.7,1,1,1
290,15,60,11.7,985.9,1,1,1
280,18,60,12.1,987.0,1,1,1
280,19,60,12.6,987.7,1,1,1
280,17,100,13.4,988.1,1,1,1
280,18,60,13.4,988.3,1,1,1
260,14,60,13.3,988.3,1,1,1
250,17,150,15.0,988.1,1,1,1
280,17,60,13.5,988.2,1,1,1
260,15,60,13.5,988.1,1,1,1
250,17,60,13.5,987.7,1,1,1
270,13,150,13.2,987.3,1,1,1
260,18,150,12.6,987.0,1,1,1
260,15,60,11.7,985.7,1,0,1
260,17,60,11.8,985.2,1,0,1
260,16,250,11.6,985.1,1,0,1
260,17,250,11.3,983.7,1,0,1
260,18,250,11.6,983.2,1,0,1
260,15,250,11.4,983.2,1,1,1
260,15,60,11.5,983.1,1,1,1
250,16,60,12.8,983.0,1,1,1
250,15,60,13.2,983.2,1,1,1
240,13,60,14.3,983.2,1,1,1
240,13,150,14.9,983.0,1,1,1
240,16,250,15.1,982.9,1,1,1
250,12,100,15.6,982.8,1,1,1
240,17,60,13.9,982.6,1,1,1
240,16,60,14.6,982.4,1,1,1
230,18,150,13.9,982.1,1,1,1
250,13,60,13.7,982.1,1,1,1
240,13,250,12.3,982.0,1,1,1
250,13,60,11.8,982.1,1,1,1
260,10,100,10.8,982.1,1,0,1
250,10,150,10.4,981.8,1,0,1
270,8,60,11.0,981.3,1,0,1
260,7,150,10.5,981.6,1,1,1
260,8,150,11.0,982.3,1,1,1
280,10,150,11.9,982.8,1,1,1
260,10,100,12.8,983.4,1,1,1
240,13,60,13.0,983.7,1,1,1
240,15,30,12.4,984.1,1,1,1
260,13,30,12.1,984.4,1,1,1
280,11,100,13.1,984.5,1,1,1
280,14,30,13.5,984.8,1,1,1
260,14,30,13.4,984.9,1,1,1
330,13,60,13.6,985.5,1,1,1
350,12,100,13.6,987.0,1,1,1
360,14,150,12.1,988.6,1,1,1
350,9,250,11.4,990.3,1,1,1
350,11,150,11.7,994.3,1,0,1
340,13,250,11.5,996.2,1,0,1
320,9,250,10.6,999.9,1,0,1
330,5,200,10.6,1000.5,1,0,1
320,6,250,10.7,1001.5,1,1,1
310,5,200,11.4,1002.5,1,1,1
310,6,30,12.3,1003.3,1,1,1
330,7,150,13.5,1004.0,1,1,1
310,8,30,13.8,1004.5,1,1,1
300,11,60,15.0,1004.9,1,1,1
300,12,150,14.3,1005.7,1,1,1
310,12,150,14.2,1006.4,1,1,1
300,13,100,14.3,1006.6,1,1,1
300,9,100,14.0,1006.9,1,1,1
290,10,100,13.4,1007.1,1,1,1
280,10,100,13.0,1007.3,1,1,1
290,9,100,12.3,1007.8,1,1,1
270,8,100,10.9,1008.4,1,1,1
250,11,100,13.1,1008.7,1,0,1
240,11,150,12.6,1007.5,1,0,1
260,12,150,13.1,1007.3,1,0,1
230,15,150,13.5,1007.0,1,1,1
240,15,30,13.6,1007.2,1,1,1
240,16,100,14.1,1007.3,1,1,1
310,6,10,12.7,1007.7,1,1,1
260,4,100,13.4,1008.1,1,1,1
240,8,100,14.8,1008.1,1,1,1
240,10,30,14.7,1008.2,1,1,1
260,14,150,16.2,1008.1,1,1,1
300,10,100,14.6,1008.5,1,1,1
260,13,100,13.7,1008.9,1,1,1
250,10,60,14.3,1008.6,1,1,1
290,9,150,13.9,1008.9,1,1,1
270,9,150,13.2,1009.2,1,1,1
270,9,150,12.1,1009.9,1,1,1
270,7,200,11.2,1011.2,0,0,1
280,5,150,10.3,1012.0,0,0,1
290,6,150,10.3,1012.6,0,0,1
300,5,150,10.1,1013.1,0,1,1
290,6,250,9.9,1014.0,0,1,1
310,7,250,10.8,1014.6,0,1,1
300,8,150,12.6,1015.4,0,1,1
330,10,100,13.7,1015.8,0,1,1
340,11,250,14.4,1015.8,0,1,1
310,9,100,15.8,1016.1,0,1,1
320,11,100,14.8,1016.0,0,1,1
330,13,100,14.7,1016.0,0,1,1
310,11,250,14.8,1016.1,0,1,1
270,6,100,11.6,1017.1,0,1,1
280,4,250,10.1,1017.4,0,0,1
300,3,30,10.2,1016.7,0,0,1
250,16,60,13.8,1014.8,0,1,1
240,16,60,14.1,1014.9,0,1,1
230,19,60,14.5,1014.8,0,1,1
220,19,60,14.9,1014.5,0,1,1
230,18,60,15.1,1014.3,0,1,1
220,18,60,14.8,1013.4,0,1,1
220,20,60,15.4,1013.0,0,1,1
220,20,30,14.5,1010.6,0,1,1
220,22,0,14.3,1007.4,1,0,1
230,17,0,14.5,1007.0,1,0,1
260,5,20,13.2,1007.0,1,0,1
250,6,100,12.1,1006.5,1,1,1
250,7,150,12.6,1006.6,1,1,1
260,6,30,12.8,1006.9,1,1,1
240,9,30,13.9,1007.0,1,1,1
230,11,30,14.6,1007.0,1,1,1
230,14,30,14.2,1007.0,1,1,1
230,14,30,14.9,1006.7,1,1,1
220,16,30,15.8,1006.6,1,1,1
220,18,30,16.3,1006.4,1,1,1
250,11,150,15.9,1006.4,1,1,1
240,12,150,15.8,1006.3,1,1,1
250,15,100,14.2,1006.5,1,1,1
250,14,150,13.9,1006.7,1,1,1
260,12,60,12.9,1007.1,1,1,1
250,16,150,13.3,1007.5,1,0,1
250,10,30,12.9,1006.8,1,0,1
250,15,150,13.3,1006.7,1,0,1
230,14,250,13.5,1005.9,1,0,1
230,17,30,13.8,1005.5,1,0,1
240,19,60,13.9,1005.1,1,1,1
250,13,100,12.7,1005.0,1,1,1
240,13,30,13.4,1005.4,1,1,1
230,18,30,14.9,1005.2,1,1,1
220,19,150,14.5,1005.0,1,1,1
220,19,30,15.9,1005.0,1,1,1
230,20,30,15.7,1005.0,1,1,1
220,22,30,15.0,1005.0,1,1,1
220,23,100,14.4,1005.0,1,1,1
220,23,30,13.9,1005.0,1,1,1
220,24,30,13.3,1005.0,1,1,1
220,25,30,13.7,1005.0,1,1,1
230,25,30,13.9,1005.0,1,1,1
230,24,60,14.2,1004.9,1,1,1
230,24,200,12.7,1004.9,1,0,1
250,16,30,12.8,1004.9,1,0,1
250,14,250,12.5,1004.9,1,0,1
250,16,200,12.5,1004.9,1,0,1
260,15,200,12.3,1004.9,1,0,1
260,16,250,12.0,1004.9,1,1,1
260,17,150,11.7,1004.9,1,1,1
260,13,250,12.0,1004.9,1,1,1
270,13,150,12.6,1004.9,1,1,1
260,16,250,13.0,1004.9,1,1,1
240,12,250,13.7,1004.8,1,1,1
250,15,60,13.9,1004.8,1,1,1
230,19,60,12.7,1004.8,1,1,1
230,17,60,12.6,1004.8,1,1,1
260,17,30,13.1,1004.8,1,1,1
260,13,60,13.6,1004.8,1,1,1
270,8,30,11.8,1004.8,1,1,1
250,10,150,11.6,1004.8,1,1,1
240,10,30,12.1,1004.8,1,1,1
240,9,150,11.8,1004.8,1,0,1
250,11,100,11.6,1004.8,1,0,1
310,6,250,8.8,1004.8,1,0,1
290,5,250,8.2,1004.8,1,0,1
250,13,250,10.2,1004.8,1,1,1
280,7,250,9.7,1004.8,1,1,1
270,9,250,11.1,1004.8,1,1,1
260,12,250,12.8,1004.8,1,1,1
260,12,100,13.4,1004.8,1,1,1
250,13,60,14.6,1005.3,1,1,1
240,11,250,15.2,1005.8,1,1,1
230,14,100,15.7,1005.6,1,1,1
230,15,250,14.8,1005.2,1,1,1
220,17,150,14.5,1005.2,1,1,1
210,15,250,13.8,1004.4,1,1,1
220,16,100,13.4,1004.3,1,1,1
200,15,100,13.3,1003.9,1,1,1
200,16,60,13.1,1003.6,1,1,1
180,16,20,12.0,1001.2,1,0,1
220,34,10,15.2,996.3,1,0,1
250,22,10,15.1,997.3,1,0,1
330,12,20,11.4,998.5,1,0,1
320,7,100,10.8,1000.1,1,0,1
290,3,100,11.0,1000.7,1,1,1
270,5,100,11.4,1001.7,1,1,1
250,9,100,12.2,1002.8,1,1,1
250,8,100,13.4,1003.2,1,1,1
240,9,100,13.6,1003.5,1,1,1
260,9,100,13.3,1004.4,1,1,1
230,9,30,12.4,1004.7,1,1,1
210,7,20,12.2,1004.1,1,1,1
230,7,10,11.8,1004.6,1,1,1
330,3,10,11.3,1004.3,1,1,1
20,3,10,11.3,1003.9,1,1,1
70,3,60,11.0,1003.4,1,1,1
100,5,10,11.2,1003.0,1,1,1
150,8,30,12.9,1001.9,1,0,1
210,24,10,14.7,1001.0,1,0,1
20,7,10,9.5,1001.7,0,0,1
70,8,60,8.9,1002.0,0,0,1
20,8,250,8.2,1004.0,0,1,1
30,4,250,8.4,1005.0,0,1,1
90,2,250,8.9,1006.1,0,1,1
60,9,250,10.3,1006.5,0,1,1
60,10,250,12.6,1006.9,0,1,1
60,13,250,12.2,1006.9,0,1,1
70,9,250,14.5,1007.3,0,1,1
80,9,250,14.6,1007.3,0,1,1
90,7,250,14.3,1007.7,0,1,1
40,6,250,10.5,1009.9,0,1,1
70,5,250,8.8,1010.9,0,0,1
10,1,250,5.9,1013.2,0,0,1
70,3,250,6.1,1013.8,0,1,1
90,1,250,9.6,1015.4,0,1,1
80,7,250,11.6,1015.6,0,1,1
100,11,100,13.3,1013.5,0,1,1
100,9,100,13.2,1013.7,0,1,1
90,12,30,12.9,1010.7,0,0,1
90,10,20,12.5,1010.2,0,0,1
90,11,10,13.0,1009.4,1,0,1
110,7,10,14.3,1005.8,1,0,1
100,5,5,14.5,1005.6,1,0,1
130,3,5,14.7,1005.1,1,1,1
150,3,5,14.9,1005.3,1,1,1
90,1,250,15.2,1005.6,1,1,1
210,2,0,15.3,1005.8,1,1,1
220,3,0,15.7,1005.7,1,1,1
220,4,0,15.5,1005.9,1,1,1
200,6,0,15.3,1006.0,1,1,1
220,4,0,15.7,1005.7,1,1,1
210,6,0,16.0,1005.6,1,1,1
240,4,0,15.1,1005.4,1,1,1
220,5,0,15.8,1005.3,1,1,1
240,3,0,15.8,1005.5,1,1,1
260,2,0,15.3,1005.6,1,1,1
280,2,250,15.5,1006.2,1,1,1
240,3,10,15.6,1006.6,1,0,1
260,2,10,15.3,1007.2,1,0,1
100,7,0,13.8,1007.2,1,0,1
90,9,10,12.8,1007.1,1,0,1
80,9,20,12.5,1006.9,1,1,1
80,9,10,12.5,1007.4,1,1,1
90,10,10,12.7,1007.6,1,1,1
80,9,10,13.0,1008.0,1,1,1
80,10,20,13.2,1008.0,1,1,1
90,12,20,13.3,1008.0,1,1,1
90,10,20,13.8,1007.7,1,1,1
90,11,20,13.5,1007.5,1,1,1
80,11,20,13.3,1007.3,1,1,1
90,10,60,13.6,1007.5,1,1,1
80,9,60,13.4,1007.5,1,1,1
80,8,30,13.7,1007.3,1,1,1
80,7,60,13.4,1007.6,1,1,1
70,10,60,13.0,1008.1,1,0,1
80,7,60,12.9,1007.3,1,0,1
80,6,60,12.9,1007.2,1,0,1
80,7,60,12.9,1007.2,1,1,1
80,8,30,12.9,1007.4,1,1,1
90,8,30,13.1,1007.5,1,1,1
80,7,20,13.5,1007.7,1,1,1
90,5,10,13.7,1007.7,1,1,1
110,8,10,14.0,1007.7,1,1,1
100,6,10,14.4,1007.0,1,1,1
120,8,20,15.4,1006.3,1,1,1
120,6,10,14.5,1005.9,1,1,1
110,8,10,14.4,1005.4,1,1,1
120,9,10,14.4,1005.0,1,1,1
120,9,10,14.4,1004.6,1,1,1
120,8,10,14.3,1004.1,1,1,1
120,7,10,14.3,1003.9,1,1,1
130,8,10,14.5,1002.9,1,0,1
120,11,10,14.7,1001.2,1,0,1
120,10,10,14.6,1000.2,1,0,1
140,10,10,15.1,997.5,1,0,1
150,11,10,15.3,996.7,1,0,1
150,12,10,15.4,995.9,1,0,1
160,10,5,15.3,995.2,1,1,1
160,8,5,15.2,994.9,1,1,1
160,8,0,15.3,994.6,1,1,1
170,11,5,15.7,994.4,1,1,1
160,7,10,15.9,994.2,1,1,1
160,7,0,15.6,993.6,1,1,1
190,5,0,16.3,993.2,1,1,1
260,5,0,16.2,993.1,1,1,1
270,10,10,16.6,992.9,1,1,1
300,15,30,15.0,993.4,1,1,1
290,15,30,14.1,994.3,1,1,1
290,14,30,13.1,995.1,1,1,1
300,15,30,12.7,996.0,1,1,1
300,12,30,12.3,996.9,1,1,1
300,13,30,12.1,997.7,1,0,1
300,12,100,10.7,1000.6,1,0,1
270,9,100,9.0,1001.5,1,0,1
280,11,100,9.4,1002.4,1,0,1
260,10,150,8.2,1002.5,1,0,1
280,10,60,9.4,1003.1,1,1,1
260,10,150,9.3,1003.4,1,1,1
330,5,150,8.8,1003.9,1,1,1
280,7,30,10.5,1004.3,1,1,1
300,7,60,11.4,1004.7,1,1,1
250,13,60,12.9,1004.7,1,1,1
250,19,150,13.3,1004.7,1,1,1
270,17,100,12.3,1004.8,1,1,1
260,15,100,13.5,1004.6,1,1,1
250,17,100,12.7,1004.3,1,1,1
250,18,100,10.3,1004.2,1,1,1
230,19,100,10.1,1004.0,1,1,1
210,12,150,9.3,1003.4,1,1,1
230,12,100,10.0,1003.3,1,1,1
260,12,60,10.3,1003.0,1,0,1
330,5,150,9.2,1002.4,1,0,1
260,14,150,10.5,1001.2,0,0,1
270,9,150,9.4,1000.9,0,0,1
280,8,200,9.3,1000.1,0,0,1
310,13,150,8.3,1000.3,0,0,1
280,6,30,7.7,1000.4,0,1,1
300,6,150,7.5,1000.6,0,1,1
290,5,100,7.9,1000.8,0,1,1
290,8,100,9.2,1001.0,0,1,1
320,4,60,10.2,1001.4,0,1,1
300,14,100,10.5,1001.4,0,1,1
310,11,100,11.3,1001.6,0,1,1
290,14,100,11.7,1001.2,0,1,1
310,9,100,11.1,1001.2,0,1,1
300,12,100,10.3,1001.0,0,1,1
280,13,150,10.1,1000.8,0,1,1
290,7,250,8.5,1001.1,0,1,1
70,4,250,5.0,998.4,0,0,1
70,6,250,4.4,996.7,0,0,1
90,4,250,3.8,996.4,0,1,1
40,2,250,3.5,996.7,0,1,1
70,1,250,4.5,996.8,0,1,1
10,1,250,7.1,997.2,0,1,1
350,9,250,12.3,997.5,0,1,1
340,10,100,12.8,997.4,0,1,1
320,4,100,8.8,999.4,0,1,1
310,5,100,8.8,999.8,0,0,1
280,4,100,8.8,999.8,0,0,1
280,7,100,9.3,999.2,1,0,1
270,10,150,9.8,999.1,1,0,1
290,4,100,9.4,999.0,1,0,1
260,11,100,10.3,998.7,1,1,1
250,9,100,10.0,998.9,1,1,1
250,12,60,10.7,998.7,1,1,1
260,13,250,12.0,998.7,1,1,1
240,13,150,12.9,998.6,1,1,1
250,13,100,13.0,998.4,1,1,1
230,14,60,13.6,998.0,1,1,1
230,22,60,15.0,997.3,1,1,1
230,23,60,13.6,996.9,1,1,1
230,23,150,13.0,996.7,1,1,1
220,20,30,13.0,995.5,1,1,1
210,21,30,12.5,994.8,1,1,1
190,21,20,12.1,993.9,1,1,1
190,22,30,11.4,992.9,1,1,1
270,19,100,11.0,992.0,1,0,1
260,14,250,10.3,993.5,1,0,1
260,19,250,11.0,994.9,1,0,1
260,16,100,10.6,995.7,1,1,1
270,15,250,10.3,996.3,1,1,1
260,15,100,11.1,997.3,1,1,1
260,15,250,12.1,997.8,1,1,1
260,16,250,12.9,998.5,1,1,1
250,15,250,14.2,999.0,1,1,1
260,10,250,13.2,999.0,1,1,1
230,13,250,15.0,998.5,1,1,1
220,14,250,14.8,998.2,1,1,1
200,12,60,14.6,997.9,1,1,1
200,15,150,13.5,997.5,1,1,1
190,14,60,12.4,997.0,1,1,1
170,10,250,11.8,996.3,1,1,1
160,9,250,11.6,995.5,1,1,1
130,9,100,12.3,993.9,1,0,1
130,14,30,12.8,988.3,1,0,1
220,26,30,13.1,985.5,1,0,1
220,20,30,13.0,986.1,1,0,1
210,23,60,13.4,986.4,1,0,1
210,24,100,13.2,986.8,1,1,1
210,24,100,13.3,987.2,1,1,1
210,23,250,13.3,988.1,1,1,1
200,26,250,14.1,988.3,1,1,1
200,26,100,14.0,988.6,1,1,1
210,27,100,14.9,989.2,1,1,1
200,25,100,14.7,989.5,1,1,1
200,27,60,15.3,989.1,1,1,1
200,26,60,15.0,989.0,1,1,1
200,25,100,14.7,988.9,1,1,1
190,20,200,13.9,988.4,1,1,1
180,25,150,13.7,988.2,1,1,1
200,22,100,11.8,988.2,1,1,1
220,23,60,11.9,988.4,1,1,1
200,24,150,12.5,988.2,1,0,1
200,21,150,13.1,988.8,1,0,1
200,23,60,13.2,989.2,1,0,1
200,23,100,13.2,989.9,1,0,1
200,23,60,13.3,990.5,1,1,1
190,22,60,13.1,990.9,1,1,1
190,19,150,13.3,991.7,1,1,1
180,23,100,13.7,991.9,1,1,1
180,21,100,14.6,992.1,1,1,1
190,18,30,13.6,992.7,1,1,1
190,19,60,13.2,992.6,1,1,1
200,13,30,12.8,993.1,1,1,1
240,10,30,14.8,993.6,1,1,1
230,14,60,13.9,994.3,1,1,1
230,16,60,13.3,995.2,1,1,1
220,15,60,12.5,996.0,1,1,1
230,15,60,12.1,996.6,1,1,1
230,14,60,12.3,997.3,1,1,1
210,15,60,12.6,997.9,1,0,1
220,15,60,12.3,998.8,1,0,1
250,8,60,11.8,999.1,1,0,1
30,3,60,9.3,999.9,1,0,1
80,4,60,8.8,999.7,1,0,1
80,5,250,8.9,999.6,1,0,1
90,5,250,9.0,1000.2,1,1,1
80,5,250,8.3,1000.6,1,1,1
90,5,250,8.9,1000.9,1,1,1
80,4,250,10.6,1001.6,1,1,1
20,2,250,13.1,1001.7,1,1,1
280,2,60,13.6,1001.8,1,1,1
250,3,30,14.5,1001.4,1,1,1
230,4,250,14.5,1001.4,1,1,1
240,4,250,14.3,1001.4,1,1,1
240,4,200,13.5,1001.6,1,1,1
240,4,200,13.2,1002.1,1,1,1
240,4,200,12.6,1002.5,1,1,1
250,4,200,11.6,1003.2,1,1,1
320,2,30,10.5,1004.0,1,0,1
330,2,30,10.0,1004.6,1,0,1
20,2,30,8.8,1005.2,1,0,1
230,11,60,11.4,1006.4,0,0,1
220,9,30,11.7,1007.0,0,0,1
230,10,30,12.0,1007.5,0,0,1
310,3,30,9.7,1007.9,0,1,1
50,2,30,8.5,1008.6,0,1,1
130,1,30,8.6,1009.5,0,1,1
80,3,30,10.5,1009.5,0,1,1
70,1,30,13.0,1010.0,0,1,1
350,9,250,16.0,1010.3,0,1,1
350,9,60,15.6,1010.5,0,1,1
30,6,30,14.5,1010.1,0,1,1
20,3,250,10.1,1011.3,0,1,1
60,5,60,9.1,1010.9,0,0,1
50,5,30,10.8,1010.2,0,0,1
50,8,20,11.9,1010.4,0,1,1
80,7,10,12.0,1011.3,0,1,1
70,8,30,13.4,1010.9,0,1,1
60,8,60,14.6,1009.8,0,1,1
40,9,60,14.7,1009.8,0,1,1
40,8,30,13.8,1010.1,0,1,1
40,8,30,13.1,1010.7,0,1,1
40,6,30,12.2,1011.1,0,1,1
50,9,100,11.7,1011.1,0,0,1
50,9,100,12.0,1010.9,0,0,1
10,2,60,11.9,1011.4,1,0,1
340,2,60,11.8,1011.6,1,1,1
340,2,100,11.8,1012.2,1,1,1
350,3,100,12.0,1012.6,1,1,1
360,1,100,12.8,1013.0,1,1,1
340,4,30,13.1,1013.2,1,1,1
320,2,30,13.8,1013.8,1,1,1
350,2,30,14.6,1013.4,1,1,1
210,3,100,15.1,1013.3,1,1,1
180,3,30,14.4,1013.6,1,1,1
210,4,30,14.2,1013.9,1,1,1
120,1,30,14.5,1013.9,1,1,1
110,1,20,14.2,1014.5,1,1,1
290,2,20,13.7,1014.8,1,1,1
260,1,20,13.6,1015.3,1,1,1
360,2,20,13.6,1016.1,1,0,1
70,6,10,14.3,1016.2,1,0,1
50,5,10,14.4,1016.3,1,0,1
70,7,5,14.3,1016.1,1,0,1
80,8,5,14.2,1016.1,1,0,1
80,9,0,14.2,1016.3,1,1,1
70,7,0,14.2,1017.0,1,1,1
80,6,5,14.3,1017.6,1,1,1
50,6,0,14.3,1017.8,1,1,1
70,5,0,14.5,1018.2,1,1,1
80,5,5,15.4,1018.2,1,1,1
110,5,10,15.5,1018.2,1,1,1
80,6,10,15.5,1017.8,1,1,1
40,7,10,15.4,1017.5,1,1,1
60,5,10,15.0,1017.3,1,1,1
40,5,10,14.9,1017.2,1,1,1
60,5,20,14.7,1017.2,1,1,1
70,4,20,14.3,1017.4,1,1,1
40,3,20,13.7,1017.5,1,1,1
50,4,20,12.0,1016.8,1,0,1
60,3,30,11.4,1016.5,1,0,1
1,1,20,11.9,1014.1,1,0,1
40,3,20,12.1,1013.4,1,0,1
60,4,20,12.5,1012.9,1,1,1
70,3,20,12.5,1013.1,1,1,1
70,4,20,12.6,1013.3,1,1,1
80,6,20,12.5,1013.1,1,1,1
80,10,30,13.1,1012.9,1,1,1
60,9,30,13.2,1012.4,1,1,1
70,9,20,12.8,1011.9,1,1,1
70,8,20,12.8,1011.2,1,1,1
50,7,20,13.1,1010.4,1,1,1
60,8,30,13.4,1009.8,1,1,1
50,11,30,13.6,1009.2,1,1,1
20,7,60,13.7,1009.0,1,1,1
20,8,30,14.1,1008.7,1,1,1
20,7,30,14.0,1008.4,1,1,1
50,9,30,14.0,1008.3,1,0,1
90,7,30,13.1,1008.0,1,0,1
50,6,60,13.0,1008.0,1,0,1
50,7,30,12.8,1007.5,1,0,1
60,8,30,12.7,1007.7,1,0,1
60,7,30,12.1,1007.3,1,1,1
70,10,250,12.3,1007.0,1,1,1
70,10,30,13.2,1007.0,1,1,1
60,15,30,14.0,1006.5,1,1,1
70,13,30,14.4,1006.6,1,1,1
70,15,30,14.9,1006.6,1,1,1
70,11,30,15.3,1006.5,1,1,1
70,13,60,15.0,1006.2,1,1,1
80,11,60,15.1,1005.8,1,1,1
70,11,30,14.7,1005.4,1,1,1
50,13,30,14.6,1004.8,1,1,1
70,13,30,14.3,1004.9,1,1,1
60,10,30,14.0,1005.0,1,1,1
60,11,20,13.5,1005.2,1,1,1
50,11,20,13.0,1005.3,1,0,1
60,14,20,11.5,1005.7,1,0,1
60,12,20,11.3,1005.8,1,0,1
50,12,30,10.2,1005.5,1,0,1
50,14,30,9.7,1005.2,1,0,1
40,13,30,9.5,1004.9,1,0,1
40,16,30,9.2,1004.7,1,0,1
50,12,30,8.7,1004.4,1,1,1
50,17,30,8.8,1004.2,1,1,1
50,14,30,9.0,1004.2,1,1,1
40,18,30,9.4,1004.6,1,1,1
40,16,30,8.9,1004.7,1,1,1
30,12,60,8.1,1004.9,1,1,1
40,14,30,8.3,1004.3,1,1,1
20,11,30,8.5,1004.3,1,1,1
30,16,30,8.6,1004.2,1,1,1
30,14,30,8.0,1004.4,1,1,1
30,13,150,7.6,1004.5,1,1,1
30,16,100,7.5,1004.6,1,1,1
30,14,100,7.3,1005.5,1,1,1
20,9,100,6.6,1006.7,1,0,1
10,10,250,2.1,1010.8,0,0,1
20,9,250,2.0,1011.6,0,0,1
10,9,250,1.8,1012.4,0,1,1
30,12,250,2.0,1013.2,0,1,1
360,5,250,1.8,1014.5,0,1,1
360,7,250,3.7,1015.1,0,1,1
360,11,250,5.6,1015.8,0,1,1
360,13,250,7.2,1016.0,0,1,1
360,16,250,7.5,1016.1,0,1,1
360,16,250,8.8,1016.1,0,1,1
350,7,250,6.0,1018.0,0,1,1
360,5,250,3.3,1017.4,0,0,1
310,3,100,3.8,1014.3,0,1,1
310,2,100,4.1,1013.9,0,1,1
310,2,100,5.5,1013.7,0,1,1
300,5,100,7.5,1013.2,0,1,1
300,9,60,9.1,1012.9,0,1,1
270,12,100,9.8,1012.5,0,1,1
250,12,30,9.9,1011.7,0,1,1
270,14,30,9.9,1010.8,0,1,1
320,11,100,9.8,1010.1,0,1,1
290,14,100,9.7,1008.7,0,1,1
300,15,100,9.8,1008.0,0,1,1
270,15,100,10.0,1007.8,0,1,1
260,15,100,10.4,1005.0,1,0,1
240,18,100,10.9,1002.8,1,0,1
260,16,30,10.1,1003.2,1,1,1
270,17,100,9.9,1003.5,1,1,1
310,11,60,10.4,1003.4,1,1,1
240,15,100,10.6,1003.5,1,1,1
270,12,30,11.0,1003.7,1,1,1
240,17,30,11.4,1003.5,1,1,1
240,18,30,12.6,1003.3,1,1,1
250,18,30,11.5,1003.1,1,1,1
250,14,30,11.9,1002.9,1,1,1
310,10,100,10.4,1003.1,1,1,1
350,7,150,10.1,1003.1,1,1,1
350,5,150,10.4,1003.4,1,1,1
360,4,60,9.5,1003.5,1,1,1
360,4,0,7.1,1003.5,1,0,1
360,2,0,4.7,1002.0,1,0,1
350,3,0,6.0,1002.1,1,1,1
30,1,100,6.0,1002.3,1,1,1
360,1,150,6.2,1002.4,1,1,1
350,2,150,6.9,1002.2,1,1,1
10,2,150,8.4,1001.9,1,1,1
360,3,150,9.6,1001.5,1,1,1
330,5,150,10.7,1000.9,1,1,1
360,4,60,11.8,1000.1,1,1,1
360,3,100,10.4,999.2,1,1,1
360,7,100,11.6,998.4,1,1,1
360,8,100,9.8,998.1,1,1,1
360,7,250,9.0,997.8,1,1,1
360,6,100,8.9,997.5,1,1,1
360,8,100,8.3,997.1,1,1,1
360,9,100,8.6,996.4,1,0,1
360,10,100,9.2,995.9,1,0,1
360,10,100,8.5,990.8,1,0,1
350,16,150,9.8,989.7,1,0,1
310,16,30,9.3,988.0,1,0,1
250,21,30,9.6,986.7,1,1,1
220,25,100,9.8,985.7,1,1,1
230,22,60,10.4,984.9,1,1,1
210,25,30,11.1,984.1,1,1,1
210,25,60,11.5,983.2,1,1,1
220,27,60,11.6,982.5,1,1,1
220,31,100,11.8,981.0,1,1,1
210,25,60,12.2,979.8,1,1,1
210,26,60,12.2,978.5,1,1,1
210,26,60,12.3,977.2,1,1,1
220,29,60,11.3,976.2,1,1,1
340,15,60,9.2,976.0,1,1,1
360,7,30,8.0,975.8,1,1,1
360,8,60,7.6,975.1,1,1,1
360,5,30,7.7,974.5,1,0,1
360,7,100,7.3,974.4,1,0,1
340,12,150,8.2,973.0,1,0,1
360,9,100,8.3,972.5,1,0,1
360,12,60,7.1,971.4,1,0,1
360,8,60,7.0,970.9,1,0,1
350,16,100,7.5,970.7,1,0,1
360,11,60,7.4,970.8,1,1,1
350,15,150,7.2,971.2,1,1,1
350,10,250,5.6,972.3,1,1,1
360,13,100,6.9,973.2,1,1,1
330,16,100,7.4,974.1,1,1,1
350,12,250,8.6,975.0,1,1,1
340,19,100,7.7,976.0,1,1,1
340,13,150,8.8,976.5,1,1,1
340,14,250,8.3,977.3,1,1,1
340,15,60,4.3,978.3,1,1,1
360,6,60,5.2,979.4,1,1,1
360,10,250,5.6,979.8,1,1,1
350,15,150,6.6,980.3,1,1,1
350,12,250,6.0,981.0,1,1,1
330,17,150,7.0,981.4,1,0,1
330,22,100,8.1,982.1,1,0,1
330,18,150,7.2,983.8,1,0,1
330,19,150,8.1,984.5,1,0,1
350,13,60,7.5,984.5,1,0,1
330,18,60,7.9,984.6,1,1,1
350,11,100,7.2,984.3,1,1,1
340,18,100,8.4,984.7,1,1,1
350,16,100,8.6,985.3,1,1,1
360,8,100,8.8,985.7,1,1,1
300,8,100,8.2,986.2,1,1,1
300,8,100,10.2,986.1,1,1,1
250,19,100,8.7,986.9,1,1,1
260,16,100,9.8,987.1,1,1,1
300,10,100,7.4,987.7,1,1,1
290,7,150,7.3,988.3,1,1,1
290,5,100,7.4,988.6,1,1,1
270,9,150,6.8,988.9,1,1,1
320,5,250,6.5,989.3,1,1,1
310,6,250,6.6,989.5,1,0,1
300,3,60,6.5,989.5,1,0,1
320,3,100,6.4,989.2,0,0,1
270,20,60,8.1,988.1,0,0,1
270,15,150,6.9,988.5,0,0,1
260,12,250,6.4,989.2,0,1,1
270,12,60,7.5,989.8,0,1,1
270,6,150,6.2,990.6,0,1,1
270,16,150,7.6,991.0,0,1,1
270,9,250,8.4,991.6,0,1,1
270,10,100,9.0,991.7,0,1,1
260,14,250,9.3,991.9,0,1,1
240,19,60,9.3,992.0,0,1,1
220,12,100,6.7,992.9,0,1,1
90,3,100,3.8,992.2,0,0,1
30,4,100,4.4,991.7,0,0,1
20,4,30,5.5,986.2,0,0,1
100,5,100,4.4,987.1,0,1,1
80,5,100,6.1,986.4,0,1,1
280,14,100,8.8,986.6,0,1,1
260,9,250,7.8,987.9,0,0,1
260,9,100,8.0,988.7,0,0,1
260,10,100,8.3,989.1,1,0,1
100,7,60,6.6,991.9,1,0,1
110,8,100,6.3,992.7,1,1,1
80,7,100,6.1,993.9,1,1,1
80,11,250,5.9,995.7,1,1,1
70,13,250,6.8,997.0,1,1,1
70,11,250,8.6,998.8,1,1,1
60,15,250,9.3,999.8,1,1,1
40,13,250,9.7,1001.2,1,1,1
40,12,100,9.6,1002.5,1,1,1
30,12,60,10.0,1003.5,1,1,1
20,11,250,9.8,1004.5,1,1,1
360,10,250,9.1,1005.5,1,1,1
360,10,250,7.5,1006.8,1,1,1
20,8,250,6.4,1008.1,1,1,1
10,7,250,5.4,1010.2,1,0,1
40,2,250,3.3,1012.4,1,0,1
60,3,100,3.3,1013.2,1,0,1
340,1,250,2.2,1015.5,1,0,1
360,2,250,1.9,1016.1,1,1,1
80,4,250,1.2,1016.6,1,1,1
60,2,250,3.3,1017.5,1,1,1
30,4,250,4.5,1018.0,1,1,1
290,4,250,6.9,1018.6,1,1,1
290,6,250,9.6,1018.8,1,1,1
310,11,100,10.3,1019.2,1,1,1
300,8,100,10.5,1019.1,1,1,1
290,12,100,11.1,1018.9,1,1,1
290,10,60,10.4,1019.0,1,1,1
300,8,30,9.8,1019.3,1,1,1
270,12,60,9.9,1019.3,1,1,1
280,12,100,9.9,1019.5,1,1,1
280,10,60,9.6,1019.8,1,1,1
290,8,60,9.2,1019.9,1,0,1
300,8,30,8.7,1021.0,1,0,1
280,7,60,8.5,1021.1,1,1,1
280,7,60,8.5,1021.5,1,1,1
280,6,30,8.9,1022.1,1,1,1
280,9,60,9.5,1022.5,1,1,1
280,10,60,9.8,1022.5,1,1,1
290,10,30,10.0,1022.6,1,1,1
290,7,60,10.4,1022.0,1,1,1
280,10,60,10.7,1021.7,1,1,1
270,10,60,10.8,1021.3,1,1,1
270,12,60,10.7,1020.8,1,1,1
280,9,60,10.6,1020.3,1,1,1
270,8,60,10.2,1020.5,1,1,1
270,9,60,10.1,1020.6,1,1,1
270,12,100,10.4,1020.4,1,1,1
250,10,60,10.0,1017.8,1,0,1
270,8,30,9.3,1015.8,1,0,1
260,8,30,9.6,1015.5,1,1,1
270,8,10,9.7,1015.2,1,1,1
260,6,100,9.3,1015.5,1,1,1
270,6,100,9.8,1015.8,1,1,1
280,6,60,10.6,1015.9,1,1,1
290,6,100,11.3,1015.6,1,1,1
280,6,100,12.1,1015.2,1,1,1
250,4,100,13.4,1014.8,1,1,1
280,7,100,12.1,1014.3,1,1,1
290,5,60,11.7,1013.8,1,1,1
330,5,60,11.3,1013.5,1,1,1
300,6,100,9.9,1013.4,1,1,1
290,2,100,7.5,1013.3,1,1,1
310,3,250,6.7,1013.5,1,1,1
330,2,100,7.9,1013.4,1,0,1
50,2,100,8.2,1012.8,1,0,1
180,2,100,8.4,1010.7,1,0,1
260,9,60,9.7,1008.5,1,0,1
250,9,60,10.0,1007.4,1,1,1
230,18,60,9.9,1006.7,1,1,1
230,15,100,10.7,1006.3,1,1,1
210,16,60,10.6,1005.8,1,1,1
220,19,60,11.0,1005.3,1,1,1
210,16,100,11.2,1004.4,1,1,1
200,21,30,10.7,1003.3,1,1,1
200,20,30,10.8,1002.0,1,1,1
210,19,100,10.9,1001.0,1,1,1
220,20,100,11.1,1000.0,1,1,1
220,18,60,11.0,999.2,1,1,1
240,17,60,10.8,998.5,1,1,1
240,15,10,10.0,997.6,1,1,1
230,19,10,10.3,997.0,1,1,1
200,8,30,9.1,996.3,1,0,1
260,3,20,9.4,996.0,1,0,1
270,7,100,8.8,994.4,0,0,1
280,4,20,8.3,993.3,0,0,1
350,1,200,7.0,992.2,0,0,1
300,2,250,6.7,992.1,0,1,1
280,2,250,6.8,992.0,0,1,1
310,2,150,6.8,992.3,0,1,1
310,4,60,6.8,992.6,0,1,1
280,3,150,8.3,992.3,0,1,1
300,5,100,9.5,992.4,0,1,1
280,8,250,9.6,991.8,0,1,1
260,10,150,11.0,991.6,0,1,1
260,10,100,10.6,991.7,0,1,1
290,10,100,8.1,992.1,0,1,1
300,6,200,7.1,993.9,0,1,1
280,6,150,5.9,994.6,0,0,1
360,3,100,3.7,999.2,0,0,1
80,3,250,2.7,1004.9,0,1,1
110,1,250,4.6,1006.3,0,1,1
280,2,250,8.3,1008.2,0,1,1
250,3,60,10.2,1009.6,0,1,1
280,3,250,6.8,1013.4,0,0,1
80,2,250,6.5,1014.2,0,0,1
80,1,60,6.6,1014.4,0,0,1
100,1,250,6.9,1014.5,1,0,1
260,12,100,9.5,1014.1,1,0,1
240,14,30,9.1,1013.9,1,0,1
210,14,30,9.4,1013.7,1,1,1
220,17,10,9.8,1013.6,1,1,1
220,19,20,10.4,1014.0,1,1,1
220,20,10,11.2,1013.9,1,1,1
230,18,5,11.9,1013.9,1,1,1
240,21,5,12.2,1014.3,1,1,1
240,16,10,12.3,1014.5,1,1,1
240,12,10,12.5,1014.6,1,1,1
240,12,5,12.7,1014.7,1,1,1
240,12,10,12.8,1015.1,1,1,1
250,11,5,12.7,1015.6,1,1,1
260,10,30,12.5,1015.9,1,1,1
250,10,10,12.1,1016.5,1,1,1
230,10,250,11.7,1016.9,1,1,1
250,10,20,11.8,1017.1,1,0,1
230,10,100,12.2,1017.5,1,0,1
220,13,100,12.5,1018.1,1,0,1
220,13,100,12.5,1018.4,1,0,1
200,15,100,12.6,1018.2,1,0,1
200,14,100,12.6,1018.1,1,0,1
190,14,100,12.3,1018.7,1,1,1
220,16,20,12.2,1019.2,1,1,1
200,12,30,12.4,1019.5,1,1,1
200,15,100,12.7,1019.8,1,1,1
190,15,100,12.8,1019.9,1,1,1
200,15,100,12.9,1020.0,1,1,1
190,17,60,12.5,1019.9,1,1,1
190,16,100,12.9,1019.5,1,1,1
190,15,100,13.0,1019.4,1,1,1
180,13,100,12.5,1019.0,1,1,1
190,15,20,12.1,1019.2,1,1,1
180,15,60,11.3,1019.2,1,1,1
190,10,30,11.1,1019.3,1,1,1
190,12,60,11.6,1019.4,1,1,1
170,8,100,12.0,1019.6,1,0,1
160,7,100,12.0,1019.3,1,0,1
100,4,30,9.7,1018.3,1,1,1
110,5,60,10.3,1018.4,1,1,1
80,4,30,10.5,1018.7,1,1,1
90,5,60,11.1,1018.7,1,1,1
90,7,250,12.3,1018.7,1,1,1
90,7,250,12.7,1018.5,1,1,1
80,9,250,12.9,1017.9,1,1,1
80,9,250,13.4,1017.2,1,1,1
80,10,250,13.0,1016.9,1,1,1
90,10,250,12.3,1016.7,1,1,1
80,11,250,11.3,1016.7,1,1,1
80,6,250,10.2,1017.1,1,1,1
70,7,250,9.7,1017.3,1,1,1
60,5,250,9.1,1017.6,1,1,1
80,4,30,8.8,1017.6,1,0,1
50,4,30,8.3,1017.3,1,0,1
80,5,60,7.8,1016.7,1,0,1
60,3,30,7.6,1016.5,1,0,1
90,5,30,7.7,1016.0,1,0,1
90,5,250,7.7,1015.7,1,1,1
70,3,30,7.6,1015.9,1,1,1
60,5,30,8.4,1016.2,1,1,1
70,4,30,9.1,1016.1,1,1,1
70,6,30,9.6,1016.4,1,1,1
80,7,30,10.1,1015.9,1,1,1
80,5,30,10.6,1015.3,1,1,1
70,6,30,10.6,1014.8,1,1,1
70,4,30,10.5,1014.3,1,1,1
70,5,30,10.3,1013.9,1,1,1
70,5,30,10.1,1013.6,1,1,1
90,3,30,9.7,1013.6,1,1,1
120,4,30,9.5,1013.4,1,1,1
80,4,30,9.5,1013.4,1,1,1
40,5,30,9.4,1013.0,1,0,1
50,5,30,9.1,1013.0,1,0,1
90,5,10,8.8,1011.0,1,0,1
90,5,5,9.4,1009.0,1,0,1
90,4,10,9.5,1008.6,1,1,1
90,7,5,9.7,1008.1,1,1,1
90,5,5,9.8,1008.1,1,1,1
100,6,5,10.2,1007.8,1,1,1
110,7,10,10.8,1007.3,1,1,1
100,6,10,11.2,1006.8,1,1,1
110,7,10,11.7,1005.9,1,1,1
110,7,10,12.0,1004.9,1,1,1
120,5,10,12.1,1004.4,1,1,1
110,6,20,12.3,1003.6,1,1,1
150,5,30,12.3,1003.2,1,1,1
170,5,10,12.2,1003.0,1,1,1
190,7,5,12.1,1002.8,1,1,1
160,4,10,11.8,1002.2,1,1,1
150,7,5,11.9,1001.6,1,0,1
230,11,0,12.2,1000.5,1,0,1
320,4,30,10.0,1000.6,0,0,1
330,5,100,9.7,1000.6,0,0,1
290,7,150,9.5,1001.1,0,0,1
300,7,100,9.4,1001.5,0,1,1
290,5,30,9.4,1001.9,0,1,1
310,5,250,9.2,1002.4,0,1,1
310,4,250,9.0,1002.7,0,1,1
320,4,100,10.0,1003.2,0,1,1
330,8,100,10.6,1003.6,0,1,1
340,10,250,10.5,1003.6,0,1,1
320,8,60,10.4,1003.7,0,1,1
340,6,100,10.5,1003.5,0,1,1
320,9,100,10.5,1003.7,0,1,1
360,7,150,9.2,1004.2,0,1,1
330,5,60,8.5,1004.8,0,1,1
350,4,250,6.2,1006.0,0,0,1
80,3,250,3.2,1007.7,0,0,1
60,4,250,1.8,1008.0,0,0,1
80,4,100,1.5,1009.0,0,1,1
100,5,250,3.3,1009.6,0,1,1
90,3,250,5.0,1009.7,0,1,1
190,9,250,10.7,1008.7,0,1,1
180,10,100,9.1,1008.3,0,1,1
180,17,100,9.7,1007.4,0,0,1
190,23,100,10.4,1004.8,1,0,1
190,23,60,10.6,1003.9,1,0,1
190,22,60,10.9,1002.9,1,0,1
190,21,60,11.1,1002.4,1,1,1
190,22,60,11.2,1002.0,1,1,1
200,27,60,11.9,1001.8,1,1,1
200,26,60,11.8,1001.6,1,1,1
200,22,60,11.0,1001.2,1,1,1
200,25,30,10.9,1001.1,1,1,1
190,21,30,11.3,1000.4,1,1,1
200,28,20,11.2,1000.1,1,1,1
200,26,10,11.6,999.5,1,1,1
200,26,10,11.9,999.2,1,1,1
200,28,10,12.1,999.3,1,1,1
200,26,10,12.3,999.8,1,1,1
200,21,20,12.6,1000.3,1,1,1
200,19,10,12.6,1000.6,1,1,1
200,16,10,12.6,1000.2,1,0,1
200,16,10,12.7,998.5,1,0,1
200,25,20,12.8,997.1,1,0,1
190,24,10,13.0,996.6,1,1,1
190,32,10,13.1,995.9,1,1,1
200,32,10,13.1,996.7,1,1,1
200,29,20,13.2,997.2,1,1,1
200,29,20,13.3,997.6,1,1,1
200,22,20,13.2,998.0,1,1,1
190,29,10,13.2,997.6,1,1,1
230,15,10,12.6,998.2,1,1,1
240,9,60,11.7,999.5,1,1,1
230,9,20,11.9,999.7,1,1,1
240,8,150,11.7,1000.3,1,1,1
230,8,150,11.7,1000.8,1,1,1
230,7,150,11.7,1000.9,1,1,1
190,9,150,11.7,1000.9,1,1,1
90,3,100,10.7,1001.0,1,0,1
350,10,30,7.2,996.4,1,0,1
350,16,30,7.0,995.0,1,0,1
340,16,60,6.8,995.4,1,1,1
340,19,200,6.8,996.0,1,1,1
310,12,30,6.9,998.6,1,1,1
320,11,250,7.1,1000.4,1,1,1
290,11,100,8.5,1002.4,1,1,1
300,11,100,9.5,1003.6,1,1,1
280,11,30,10.5,1004.2,1,1,1
250,11,30,11.0,1004.8,1,1,1
260,14,100,10.6,1005.5,1,1,1
260,12,60,11.1,1006.2,1,1,1
260,13,60,10.1,1006.7,1,1,1
250,12,100,9.8,1007.5,1,1,1
230,15,60,9.9,1007.7,1,1,1
220,17,100,11.1,1007.9,1,1,1
210,18,60,10.2,1008.1,1,0,1
200,25,30,11.7,1007.3,1,0,1
200,26,30,12.0,1007.0,1,0,1
200,27,30,12.2,1004.7,1,0,1
200,26,30,12.4,1004.9,1,0,1
200,29,30,12.4,1004.2,1,1,1
200,31,30,12.8,1003.9,1,1,1
200,34,60,12.8,1003.6,1,1,1
200,35,30,12.9,1003.2,1,1,1
200,35,60,13.1,1002.8,1,1,1
200,34,60,12.9,1002.0,1,1,1
200,37,60,13.0,1000.9,1,1,1
190,32,60,12.9,999.7,1,1,1
200,36,30,13.0,998.6,1,1,1
200,39,30,13.1,997.5,1,1,1
200,43,30,13.1,996.1,1,1,1
220,27,20,9.7,997.1,1,1,1
270,17,20,9.1,997.5,1,1,1
280,13,30,8.1,998.6,1,1,1
260,14,60,7.3,999.3,1,0,1
240,14,30,8.2,999.7,1,0,1
240,14,100,8.9,1000.2,1,0,1
250,11,150,8.7,1000.7,1,0,1
260,12,150,8.6,1001.4,1,0,1
350,2,250,6.9,1002.2,1,0,1
100,2,250,5.6,1002.5,1,0,1
60,3,250,5.9,1003.0,1,1,1
80,2,250,5.2,1003.5,1,1,1
100,3,250,5.2,1004.4,1,1,1
90,4,250,5.3,1005.2,1,1,1
90,3,250,6.5,1005.8,1,1,1
90,3,150,7.5,1006.2,1,1,1
60,1,100,9.1,1006.4,1,1,1
220,3,250,12.4,1006.4,1,1,1
250,3,60,11.1,1006.5,1,1,1
260,5,250,10.2,1006.8,1,1,1
290,3,250,9.2,1007.1,1,1,1
30,2,250,7.7,1007.3,1,1,1
60,1,250,7.2,1007.9,1,1,1
100,2,250,7.0,1008.3,1,1,1
80,4,250,6.7,1008.4,1,0,1
80,6,250,4.9,1008.8,0,0,1
80,5,250,4.6,1008.3,0,0,1
90,6,100,7.5,1005.9,0,0,1
90,5,30,8.1,1004.9,0,1,1
90,6,30,7.6,1004.2,0,1,1
80,10,100,7.9,1003.3,0,1,1
90,8,30,8.5,1002.4,0,1,1
100,7,30,9.3,1001.6,0,1,1
110,10,20,10.3,1000.5,0,1,1
130,8,20,10.6,999.2,0,1,1
120,15,20,10.5,997.7,0,1,1
120,14,20,10.6,996.2,0,1,1
120,14,20,10.7,994.5,0,1,1
100,11,20,10.6,991.5,0,1,1
90,11,20,10.8,989.2,0,1,1
90,8,20,10.8,985.9,0,0,1
300,23,30,9.4,992.9,0,0,1
260,12,100,8.8,1001.4,0,1,1
230,23,60,10.6,1001.3,0,1,1
230,22,60,10.5,1000.3,0,1,1
210,27,60,11.3,997.3,0,1,1
190,29,30,11.4,993.7,0,1,1
200,19,30,9.5,992.9,0,0,1
200,12,100,8.7,991.8,1,0,1
80,3,100,6.9,989.1,1,1,1
350,7,60,6.8,989.8,1,1,1
330,7,100,6.4,990.8,1,1,1
330,8,100,6.8,991.9,1,1,1
320,7,100,7.3,992.7,1,1,1
330,9,100,7.5,993.4,1,1,1
310,8,30,8.8,993.5,1,1,1
310,9,30,7.7,993.3,1,1,1
330,4,30,7.6,993.1,1,1,1
360,11,250,8.3,994.3,1,1,1
350,9,100,8.0,995.6,1,1,1
340,11,60,7.8,996.2,1,1,1
340,13,30,7.5,997.1,1,1,1
340,10,30,7.3,997.5,1,1,1
340,13,30,7.7,998.1,1,0,1
340,16,60,7.1,998.1,1,0,1
350,14,60,7.0,997.6,1,0,1
360,12,30,6.9,997.6,1,1,1
360,11,60,6.5,997.8,1,1,1
360,14,60,6.5,998.3,1,1,1
360,12,60,6.3,999.0,1,1,1
360,14,60,6.6,999.8,1,1,1
360,8,60,7.1,1000.9,1,1,1
20,13,30,7.9,1001.3,1,1,1
20,12,30,8.0,1001.7,1,1,1
30,12,60,8.4,1002.4,1,1,1
30,12,60,8.4,1002.8,1,1,1
30,13,100,8.3,1003.8,1,1,1
10,10,100,7.9,1004.6,1,1,1
10,10,100,7.7,1005.5,1,1,1
10,13,100,7.6,1006.4,1,1,1
10,14,100,7.8,1006.8,1,0,1
10,10,250,6.3,1007.6,1,0,1
10,10,250,5.9,1008.5,1,0,1
10,10,250,6.0,1008.6,1,0,1
360,7,100,4.8,1009.3,1,0,1
360,6,100,4.6,1009.5,1,1,1
360,6,250,4.2,1009.7,1,1,1
330,4,250,3.9,1010.1,1,1,1
10,8,250,4.4,1010.6,1,1,1
360,8,250,6.0,1010.8,1,1,1
10,13,250,7.3,1010.8,1,1,1
20,13,250,7.5,1010.7,1,1,1
10,6,100,8.1,1010.8,1,1,1
350,11,60,7.7,1010.7,1,1,1
360,13,250,7.3,1010.2,1,1,1
360,10,250,6.4,1010.9,1,1,1
360,8,250,5.5,1011.1,1,1,1
360,11,250,5.2,1011.3,1,1,1
360,8,250,4.5,1011.7,1,1,1
350,6,250,4.2,1011.9,1,0,1
360,7,250,2.2,1010.9,1,0,1
20,7,250,1.7,1010.5,1,0,1
320,5,250,1.0,1010.8,1,1,1
110,1,250,0.5,1010.9,1,1,1
340,2,250,-0.4,1010.6,1,1,1
300,1,250,0.5,1010.7,1,1,1
10,2,250,2.6,1010.2,1,1,1
330,1,250,4.2,1010.0,1,1,1
200,2,250,6.0,1009.3,1,1,1
250,4,250,5.6,1008.9,1,1,1
50,2,250,5.8,1007.9,1,1,1
320,1,250,6.1,1007.7,1,1,1
330,3,250,3.6,1007.3,1,1,1
20,1,250,2.5,1007.0,1,1,1
70,4,250,2.5,1006.6,1,1,1
20,4,250,1.2,1006.7,1,1,1
90,5,100,1.3,1006.4,1,0,1
80,4,100,0.9,1006.3,1,0,1
330,2,250,0.2,1005.5,1,0,1
310,1,200,0.7,1005.5,1,0,1
50,1,150,1.7,1005.6,1,1,1
360,1,150,1.5,1005.9,1,1,1
310,2,150,1.8,1006.3,1,1,1
80,3,100,3.0,1006.6,1,1,1
80,3,100,4.2,1007.1,1,1,1
110,1,150,5.6,1006.9,1,1,1
60,1,150,7.4,1006.6,1,1,1
250,1,100,7.5,1006.4,1,1,1
1,1,100,7.5,1006.4,1,1,1
100,1,100,7.1,1006.6,1,1,1
110,3,60,6.2,1006.9,1,1,1
100,2,60,6.3,1007.1,1,1,1
80,5,150,5.7,1007.6,1,1,1
100,4,100,5.5,1007.9,1,0,1
70,5,200,4.9,1008.2,1,0,1
180,1,250,2.2,1009.7,0,0,1
100,1,250,1.4,1010.1,0,0,1
330,3,250,1.0,1010.2,0,0,1
320,2,250,-0.3,1010.7,0,1,1
310,3,60,0.3,1010.9,0,1,1
290,3,60,-0.1,1010.9,0,1,1
250,2,60,0.5,1011.4,0,1,1
230,2,60,2.0,1011.8,0,1,1
270,3,60,3.3,1012.1,0,1,1
300,5,60,4.9,1012.1,0,1,1
310,7,60,8.7,1011.8,0,1,1
320,8,100,8.4,1011.4,0,1,1
290,10,100,7.6,1011.5,0,1,1
340,6,100,6.9,1011.8,0,1,1
300,8,60,6.5,1012.0,0,1,1
330,4,250,4.3,1012.7,0,0,1
70,4,250,1.4,1012.5,0,0,1
100,4,250,1.4,1012.6,0,0,1
100,5,150,2.9,1012.6,0,1,1
100,5,150,3.3,1012.7,0,1,1
60,2,100,5.5,1012.5,0,1,1
60,3,60,5.6,1012.0,0,1,1
90,2,60,6.5,1011.5,0,1,1
180,6,30,6.5,1010.8,0,1,1
170,5,10,6.9,1009.8,0,1,1
260,7,20,9.8,1008.5,0,0,1
250,12,30,10.8,1007.7,1,0,1
250,17,5,11.1,1005.9,1,0,1
260,17,10,11.2,1005.4,1,0,1
280,19,30,11.0,1005.6,1,0,1
280,15,30,10.3,1005.4,1,1,1
290,16,30,10.3,1005.7,1,1,1
290,17,60,9.9,1006.1,1,1,1
290,13,60,9.1,1006.4,1,1,1
290,12,250,8.8,1006.7,1,1,1
280,14,60,9.6,1006.9,1,1,1
290,13,250,9.7,1006.6,1,1,1
300,8,150,9.5,1005.9,1,1,1
280,12,150,9.4,1005.2,1,1,1
290,16,60,7.8,1004.5,1,1,1
300,9,100,6.5,1004.3,1,1,1
280,8,60,6.1,1004.0,1,1,1
270,7,150,5.8,1003.1,1,1,1
290,11,100,6.3,1003.0,1,1,1
280,13,150,6.4,1001.8,1,0,1
290,11,60,5.8,1001.9,1,0,1
310,8,150,5.7,1002.6,1,0,1
290,11,150,6.2,1002.7,1,1,1
300,12,150,6.4,1003.1,1,1,1
290,13,60,6.5,1003.4,1,1,1
280,11,150,6.6,1003.6,1,1,1
270,12,100,6.5,1003.9,1,1,1
310,8,30,4.6,1003.9,1,1,1
300,9,60,7.2,1003.2,1,1,1
320,13,60,6.1,1002.6,1,1,1
300,13,60,5.4,1002.2,1,1,1
300,10,250,6.4,1001.4,1,1,1
280,8,200,6.1,1001.3,1,1,1
290,10,150,5.6,1000.8,1,1,1
300,10,100,5.7,1000.5,1,1,1
270,11,250,5.6,1000.0,1,1,1
290,13,60,6.2,998.8,1,0,1
320,7,60,5.4,997.6,1,0,1
330,8,250,4.9,1000.4,1,1,1
320,8,100,5.1,1001.4,1,1,1
300,6,70,4.9,1002.3,1,1,1
360,8,30,4.5,1003.6,1,1,1
350,8,150,3.7,1004.6,1,1,1
360,13,250,5.0,1005.7,1,1,1
10,13,250,5.7,1006.4,1,1,1
10,13,250,5.5,1007.0,1,1,1
350,14,250,5.5,1007.5,1,1,1
350,9,250,5.5,1008.1,1,1,1
340,9,250,4.9,1008.8,1,1,1
310,6,250,3.9,1009.4,1,1,1
300,6,250,3.5,1009.8,1,1,1
340,3,250,2.3,1010.7,1,1,1
90,4,200,0.5,1012.8,1,0,1
120,5,250,0.0,1012.8,1,0,1
80,6,250,-0.4,1012.6,1,0,1
90,5,250,0.1,1012.3,1,0,1
90,5,250,-0.7,1012.4,1,1,1
60,4,100,-0.5,1012.4,1,1,1
70,5,250,-0.1,1012.2,1,1,1
40,4,250,0.3,1012.0,1,1,1
90,4,250,0.9,1011.4,1,1,1
60,4,100,1.9,1011.2,1,1,1
50,2,100,2.9,1010.3,1,1,1
270,5,100,5.3,1009.0,1,1,1
250,16,250,7.4,1008.0,1,1,1
250,14,250,7.9,1006.7,1,1,1
290,8,100,6.8,1005.8,1,1,1
260,12,150,7.3,1004.9,1,1,1
250,20,100,8.2,1003.8,1,1,1
260,18,60,6.5,1003.0,1,1,1
260,26,60,6.5,1002.1,1,0,1
250,24,250,8.0,1000.0,1,0,1
310,20,60,6.9,997.0,1,0,1
330,19,250,6.0,998.2,1,1,1
320,17,150,6.2,999.1,1,1,1
320,19,100,6.2,999.9,1,1,1
320,21,100,6.6,1001.0,1,1,1
330,20,60,6.4,1002.2,1,1,1
320,20,100,7.9,1002.9,1,1,1
330,17,60,8.2,1003.6,1,1,1
330,20,60,8.3,1003.5,1,1,1
320,21,250,8.1,1004.3,1,1,1
320,17,100,8.1,1004.6,1,1,1
330,20,100,8.3,1005.3,1,1,1
330,17,100,7.9,1006.3,1,1,1
330,19,100,8.3,1007.3,1,1,1
330,17,100,8.0,1008.4,1,1,1
340,18,100,8.2,1009.6,1,0,1
10,7,100,6.6,1014.3,0,0,1
340,7,250,4.5,1017.1,0,0,1
360,6,250,3.7,1017.6,0,1,1
120,4,250,3.6,1018.5,0,1,1
20,4,250,3.2,1019.2,0,1,1
110,3,250,3.5,1020.3,0,1,1
30,3,250,5.3,1021.2,0,1,1
20,2,250,6.6,1021.6,0,1,1
340,4,250,7.7,1021.7,0,1,1
350,6,250,8.4,1021.7,0,1,1
320,4,250,7.3,1022.0,0,1,1
320,5,250,5.7,1022.7,0,1,1
300,4,250,4.7,1022.6,0,1,1
270,3,250,3.2,1023.0,0,0,1
270,8,60,7.0,1021.6,0,0,1
260,11,60,7.0,1020.1,0,0,1
290,13,60,7.6,1019.3,0,1,1
280,13,100,7.7,1019.3,0,1,1
280,15,100,8.0,1019.2,0,1,1
290,14,100,9.0,1016.4,0,1,1
290,13,30,8.4,1015.8,0,1,1
300,6,30,8.3,1015.4,0,0,1
340,5,250,4.7,1015.9,1,0,1
340,7,250,4.6,1015.9,1,0,1
30,4,250,2.8,1016.3,1,0,1
270,3,250,2.0,1017.0,1,1,1
280,3,250,2.3,1017.5,1,1,1
320,3,250,1.8,1018.3,1,1,1
310,2,250,3.7,1018.6,1,1,1
10,1,250,5.3,1019.1,1,1,1
30,2,250,6.9,1019.1,1,1,1
50,5,250,7.6,1019.0,1,1,1
30,6,250,7.3,1018.9,1,1,1
20,4,250,6.4,1019.2,1,1,1
30,5,250,5.1,1019.6,1,1,1
30,5,250,3.8,1020.0,1,1,1
40,5,250,2.7,1020.6,1,1,1
50,5,250,2.5,1021.0,1,1,1
70,6,250,2.4,1021.4,1,0,1
70,8,250,1.4,1023.4,1,0,1
80,6,250,0.3,1023.6,1,1,1
70,7,250,0.7,1023.6,1,1,1
90,6,250,1.0,1023.6,1,1,1
50,4,250,0.6,1023.9,1,1,1
50,5,250,2.4,1024.0,1,1,1
80,7,250,5.0,1024.1,1,1,1
90,6,250,5.4,1023.6,1,1,1
90,9,250,4.6,1023.2,1,1,1
90,6,250,5.0,1022.8,1,1,1
80,5,250,4.1,1022.2,1,1,1
80,4,250,3.2,1022.1,1,1,1
70,3,250,1.8,1022.0,1,1,1
70,5,250,1.3,1021.6,1,1,1
90,5,250,0.9,1021.0,1,1,1
90,6,250,0.9,1020.5,1,0,1
100,6,100,1.7,1020.0,1,0,1
120,7,60,3.0,1017.7,1,0,1
120,7,100,4.2,1017.1,1,0,1
180,14,100,5.9,1016.4,1,0,1
180,11,100,4.8,1014.9,1,0,1
160,10,100,4.7,1014.6,1,1,1
160,12,100,4.5,1014.2,1,1,1
150,12,250,4.1,1013.6,1,1,1
150,11,60,4.2,1013.2,1,1,1
150,13,100,5.3,1012.9,1,1,1
160,13,100,5.1,1012.5,1,1,1
150,13,100,5.4,1011.5,1,1,1
150,11,100,5.5,1010.5,1,1,1
150,11,100,5.1,1009.5,1,1,1
150,11,100,4.3,1008.6,1,1,1
140,9,100,4.0,1008.0,1,1,1
130,6,100,4.0,1007.3,1,1,1
130,8,60,4.1,1006.3,1,1,1
100,6,60,3.1,1004.6,1,0,1
90,6,100,3.1,1003.9,1,0,1
100,5,60,3.3,1003.0,1,0,1
110,6,60,4.3,1000.6,1,0,1
90,5,60,2.9,998.4,1,0,1
100,7,250,2.6,997.5,1,0,1
110,7,250,1.5,996.5,1,1,1
100,7,250,1.4,996.4,1,1,1
100,8,250,1.7,996.3,1,1,1
90,7,150,3.0,996.1,1,1,1
90,7,30,4.3,995.9,1,1,1
90,8,30,4.8,995.2,1,1,1
90,9,30,4.9,994.7,1,1,1
90,10,30,4.7,994.0,1,1,1
100,13,20,4.7,993.3,1,1,1
100,12,20,4.9,993.0,1,1,1
90,9,20,5.0,993.1,1,1,1
90,9,20,5.3,992.6,1,1,1
100,10,20,5.9,991.8,1,1,1
110,9,30,6.1,991.1,1,0,1
150,11,30,8.5,990.0,1,0,1
140,13,30,8.3,987.8,1,0,1
150,15,30,8.4,984.9,1,0,1
140,18,30,8.7,981.3,1,0,1
130,14,30,8.4,979.0,1,0,1
110,15,20,8.1,975.9,1,1,1
120,19,20,9.5,973.5,1,1,1
150,14,20,10.5,970.6,1,1,1
200,21,10,11.1,971.0,1,1,1
220,20,20,11.0,971.0,1,1,1
200,18,10,10.7,970.5,1,1,1
210,15,30,10.7,969.2,1,1,1
260,15,20,8.9,970.8,1,1,1
260,13,100,8.9,971.5,1,1,1
250,15,30,7.4,972.3,1,1,1
250,19,60,9.5,973.1,1,1,1
260,20,150,8.1,974.2,1,1,1
260,18,30,9.5,976.0,1,1,1
260,20,60,9.7,979.6,1,0,1
240,17,60,9.8,980.2,0,0,1
250,18,30,9.0,981.8,0,0,1
250,19,60,9.8,982.7,0,0,1
240,16,60,10.0,983.5,0,1,1
240,21,60,10.1,984.0,0,1,1
230,22,150,9.9,984.4,0,1,1
240,19,150,9.9,985.0,0,1,1
230,19,250,10.4,985.8,0,1,1
230,20,60,10.6,986.0,0,1,1
230,21,30,9.9,985.9,0,1,1
230,21,60,10.4,986.0,0,1,1
230,21,60,10.1,985.9,0,1,1
270,15,30,7.9,988.1,0,1,1
260,19,60,8.4,989.1,0,1,1
240,14,150,8.8,992.1,0,0,1
260,13,30,8.3,994.1,0,0,1
260,15,30,8.7,994.3,0,1,1
230,15,250,10.2,994.7,0,1,1
220,19,60,11.7,994.1,0,1,1
230,21,150,11.1,993.9,0,1,1
240,13,60,9.2,992.3,0,1,1
260,16,150,9.4,992.7,0,1,1
250,15,100,7.8,993.6,1,0,1
270,10,60,7.8,994.1,1,0,1
270,12,60,8.2,994.8,1,0,1
270,10,60,7.9,995.7,1,1,1
270,12,250,7.9,996.4,1,1,1
290,11,100,7.0,997.2,1,1,1
250,11,200,7.1,997.7,1,1,1
280,14,100,7.7,998.5,1,1,1
280,16,250,8.0,999.4,1,1,1
280,15,250,8.8,999.5,1,1,1
280,14,60,9.8,999.5,1,1,1
270,16,150,9.0,999.8,1,1,1
270,15,100,9.2,1000.0,1,1,1
280,14,150,7.8,1000.4,1,1,1
270,13,60,6.8,1001.0,1,1,1
270,14,100,7.8,1000.8,1,1,1
250,19,60,8.7,1000.3,1,1,1
270,20,30,8.9,1000.4,1,0,1
290,15,100,8.8,1004.7,1,0,1
290,14,150,8.5,1005.2,1,0,1
310,4,250,7.2,1007.7,1,0,1
280,3,100,6.7,1008.9,1,1,1
280,5,100,7.9,1009.6,1,1,1
290,3,100,7.7,1010.4,1,1,1
20,3,100,6.8,1010.7,1,1,1
360,1,100,7.9,1011.3,1,1,1
90,4,250,8.6,1011.5,1,1,1
70,2,250,9.2,1011.4,1,1,1
210,3,250,10.0,1011.7,1,1,1
190,5,250,9.1,1011.5,1,1,1
140,4,100,8.5,1011.4,1,1,1
120,4,250,7.5,1011.6,1,1,1
110,6,100,7.2,1011.6,1,1,1
110,7,250,6.4,1011.3,1,1,1
110,7,250,6.1,1011.5,1,1,1
130,13,30,9.6,1008.6,1,0,1
130,14,150,9.6,1007.9,1,0,1
120,18,60,8.1,1005.3,1,0,1
120,16,20,8.9,1004.6,1,1,1
120,18,10,9.3,1004.2,1,1,1
130,17,10,9.3,1004.0,1,1,1
120,15,10,9.6,1003.6,1,1,1
120,13,10,10.1,1003.5,1,1,1
140,11,10,10.8,1003.5,1,1,1
150,9,10,11.6,1003.0,1,1,1
190,11,0,12.0,1002.7,1,1,1
200,12,250,11.9,1002.3,1,1,1
200,12,250,11.7,1002.3,1,1,1
190,13,250,11.8,1002.0,1,1,1
180,13,250,11.8,1001.9,1,1,1
180,12,250,11.7,1001.6,1,1,1
180,11,0,11.8,1001.1,1,1,1
190,12,0,11.7,1000.9,1,0,1
180,19,5,11.7,996.0,1,0,1
190,27,5,11.6,994.8,1,0,1
170,15,20,11.4,991.1,1,1,1
180,17,20,11.3,990.3,1,1,1
180,14,30,11.3,989.7,1,1,1
190,14,30,11.2,989.6,1,1,1
270,7,100,10.4,990.1,1,1,1
280,10,30,10.2,991.2,1,1,1
260,11,20,10.1,991.5,1,1,1
270,16,100,9.6,992.2,1,1,1
260,10,20,9.7,992.8,1,1,1
260,12,20,9.9,993.5,1,1,1
260,10,30,9.6,994.4,1,1,1
270,9,30,9.1,995.3,1,1,1
260,9,30,9.3,996.3,1,1,1
260,12,30,9.3,996.9,1,1,1
260,10,150,9.0,997.7,1,0,1
250,15,150,9.0,998.2,1,0,1
260,7,250,7.6,1000.3,1,0,1
290,4,250,6.4,1001.9,1,0,1
280,4,250,5.8,1002.0,1,1,1
280,2,250,5.1,1002.6,1,1,1
310,1,30,5.0,1003.8,1,1,1
260,1,250,4.8,1005.4,1,1,1
300,1,0,5.3,1005.9,1,1,1
330,1,0,6.4,1006.7,1,1,1
70,1,10,7.6,1006.9,1,1,1
90,3,10,7.8,1007.2,1,1,1
250,5,20,9.0,1007.3,1,1,1
260,5,10,8.9,1007.7,1,1,1
240,5,10,8.9,1007.9,1,1,1
220,7,20,9.4,1008.1,1,1,1
210,9,30,9.7,1007.9,1,1,1
190,12,30,9.8,1007.7,1,1,1
210,16,20,9.7,1007.7,1,0,1
150,16,10,9.7,1001.3,0,0,1
230,20,5,11.7,997.7,0,0,1
240,14,0,11.7,997.8,0,1,1
240,15,0,11.7,997.6,0,1,1
240,19,0,11.9,997.7,0,1,1
240,19,0,12.0,998.1,0,1,1
240,19,0,12.0,998.7,0,1,1
240,17,0,12.0,998.6,0,1,1
240,20,5,11.9,998.2,0,1,1
240,23,5,12.0,997.8,0,1,1
240,27,10,12.0,997.6,0,1,1
230,27,10,11.9,996.8,0,0,1
240,28,10,12.0,996.6,0,0,1
240,19,10,11.2,996.6,0,0,1
260,16,250,10.6,999.9,0,1,1
260,11,30,10.7,1000.1,0,1,1
250,11,250,10.7,1001.0,0,1,1
250,13,100,10.5,1000.8,0,1,1
250,10,100,10.2,1001.1,0,1,1
260,11,150,9.9,1000.7,0,1,1
190,13,100,9.6,1000.4,0,0,1
180,8,30,8.7,1000.3,0,0,1
90,4,5,8.3,996.2,1,0,1
110,8,60,8.5,993.4,1,0,1
210,12,30,10.6,989.4,1,1,1
310,6,5,9.1,989.4,1,1,1
280,5,10,9.2,989.5,1,1,1
270,7,10,9.5,990.3,1,1,1
280,15,150,9.3,990.6,1,1,1
260,11,150,10.1,991.1,1,1,1
240,12,30,10.0,990.9,1,1,1
240,15,30,9.8,990.6,1,1,1
230,16,30,10.1,990.8,1,1,1
230,15,30,10.1,990.4,1,0,1
230,13,150,10.0,990.4,1,0,1
210,22,150,8.9,986.3,1,0,0
220,23,60,8.9,985.4,1,0,0
270,15,60,7.4,986.0,1,1,0
260,16,60,8.5,987.6,1,1,0
280,14,60,8.7,993.5,1,1,0
280,12,60,8.6,994.8,1,1,0
290,17,60,7.8,998.9,1,0,0
290,11,250,7.7,1001.8,1,0,0
260,12,60,7.4,1002.6,1,0,0
250,20,100,8.6,1002.7,1,0,0
230,23,30,10.0,1003.6,1,1,0
220,25,30,9.8,1000.7,1,1,0
250,24,60,10.2,997.3,1,1,0
260,18,60,9.0,1000.7,1,0,0
220,22,30,10.1,995.7,1,0,1
260,25,100,7.7,995.4,1,1,1
260,24,100,8.1,995.9,1,1,1
290,27,60,7.8,997.5,1,1,1
290,17,60,8.7,999.3,1,1,1
310,15,60,8.9,1001.4,1,1,1
310,13,60,8.8,1004.0,1,1,1
310,17,100,9.2,1005.9,1,1,1
310,17,250,8.9,1007.5,1,1,1
300,13,250,8.7,1009.2,1,1,1
290,12,250,8.6,1010.7,1,1,1
260,13,100,7.9,1014.9,1,0,1
170,8,5,8.5,1013.4,1,0,1
220,16,20,10.7,1012.5,1,0,1
230,19,20,10.7,1012.0,1,0,1
220,20,5,10.8,1011.1,1,0,1
230,22,5,11.0,1010.8,1,1,1
230,15,20,11.0,1011.0,1,1,1
230,18,20,11.2,1011.1,1,1,1
220,20,20,11.3,1011.0,1,1,1
220,23,20,11.5,1010.2,1,1,1
220,25,30,11.6,1009.7,1,1,1
220,27,20,11.6,1009.0,1,1,1
220,24,100,11.4,1008.6,1,1,1
210,22,30,11.3,1008.3,1,1,1
220,26,30,11.0,1008.0,1,1,1
200,29,100,11.4,1006.8,1,1,1
200,27,100,11.4,1006.5,1,1,1
200,33,30,11.6,1003.7,1,0,1
200,35,60,11.8,1002.8,0,0,1
200,37,30,11.0,997.8,0,0,1
190,32,30,10.7,996.5,0,0,1
190,34,20,10.7,994.9,0,1,1
200,35,20,11.0,993.5,0,1,1
230,23,20,9.8,993.9,0,1,1
220,15,10,10.0,993.3,0,1,1
240,17,20,9.5,993.4,0,1,1
260,18,100,8.7,994.5,0,1,1
250,15,100,8.2,994.4,0,1,1
260,26,30,7.1,995.3,0,1,1
250,15,150,8.6,995.0,0,1,1
250,18,100,7.9,997.1,0,1,1
250,17,60,8.3,997.3,0,1,1
260,26,250,7.4,1001.6,0,0,1
260,26,250,7.7,1002.2,0,0,1
260,19,250,7.9,1005.1,0,1,1
260,22,150,9.5,1009.0,0,1,1
240,20,100,10.5,1008.8,0,1,1
220,25,30,10.9,1007.3,0,0,1
220,25,60,11.0,1006.5,1,0,1
220,26,30,10.7,1000.0,1,0,1
230,26,20,10.5,1000.0,1,1,1
210,29,30,10.9,997.0,1,1,1
210,29,30,10.8,997.0,1,1,1
220,26,30,10.6,997.0,1,1,1
210,22,10,10.6,995.4,1,1,1
230,25,10,10.3,994.4,1,1,1
250,14,10,10.0,994.2,1,1,1
240,13,10,10.2,993.6,1,1,1
250,14,60,9.7,993.5,1,1,1
260,11,30,10.1,993.6,1,1,1
260,9,250,9.3,994.3,1,1,1
260,10,250,9.2,994.8,1,1,1
270,8,250,4.8,1000.7,1,0,0
300,9,100,5.6,1002.1,1,1,0
300,9,250,8.2,1006.3,1,1,0
310,10,250,8.4,1006.8,1,1,0
300,9,250,7.5,1008.6,1,1,0
310,13,250,6.7,1010.7,1,1,0
300,10,250,6.6,1011.7,1,1,0
280,4,150,5.3,1016.2,1,0,1
340,2,250,5.8,1018.3,1,0,1
350,1,250,5.2,1018.4,1,1,1
250,2,200,5.7,1018.9,1,1,1
110,1,30,5.9,1019.4,1,1,1
270,3,20,6.2,1019.7,1,1,1
270,9,10,9.5,1020.1,1,1,1
260,10,10,10.0,1020.4,1,1,1
250,11,10,10.4,1020.6,1,1,1
270,13,20,10.9,1020.5,1,1,1
280,11,20,10.8,1021.0,1,1,1
260,10,10,10.6,1021.3,1,1,1
240,9,10,10.3,1021.6,1,1,1
250,10,10,10.4,1021.9,1,1,1
270,9,5,10.4,1022.5,1,1,1
280,6,20,10.4,1022.8,1,1,1
280,8,20,10.6,1023.5,1,0,1
250,7,10,10.6,1025.2,1,0,1
260,9,20,10.6,1026.5,1,0,1
270,7,10,10.6,1026.9,1,0,1
260,9,10,10.4,1027.3,1,1,1
270,7,20,10.1,1027.9,1,1,1
280,4,20,9.9,1028.5,1,1,1
260,5,20,10.1,1029.0,1,1,1
260,8,30,10.1,1029.8,1,1,1
240,8,20,10.5,1030.2,1,1,1
250,8,0,10.5,1030.2,1,1,1
250,11,10,10.7,1030.0,1,1,1
260,14,30,10.5,1030.1,1,1,1
280,10,30,10.5,1030.6,1,1,1
260,9,30,10.5,1030.7,1,1,1
260,7,30,10.5,1031.3,1,1,1
270,10,30,10.5,1031.8,1,1,1
270,10,30,10.4,1032.5,1,1,1
270,6,30,10.2,1032.9,1,0,1
280,8,30,10.1,1033.5,1,0,1
270,8,30,10.0,1033.4,1,0,1
270,8,60,9.9,1032.8,1,0,1
280,6,30,9.7,1033.1,1,0,1
290,5,30,9.5,1033.0,1,0,1
270,6,30,9.5,1033.1,1,1,1
260,7,30,9.6,1033.2,1,1,1
260,7,20,9.6,1033.5,1,1,1
250,7,20,9.7,1033.5,1,1,1
240,9,20,9.7,1033.5,1,1,1
260,9,30,10.4,1033.6,1,1,1
250,5,30,10.9,1033.4,1,1,1
230,6,30,11.0,1033.0,1,1,1
250,7,30,11.0,1032.6,1,1,1
230,6,30,10.8,1032.6,1,1,1
220,6,30,10.5,1032.6,1,1,1
230,10,20,10.1,1032.4,1,1,1
190,9,5,10.0,1032.2,1,1,1
180,6,30,9.9,1032.1,1,1,1
200,11,30,10.0,1032.0,1,0,1
210,9,0,10.2,1031.4,1,0,1
230,12,30,10.1,1030.3,0,0,1
230,7,20,10.4,1029.8,0,0,1
220,9,10,10.4,1029.7,0,1,1
220,9,0,10.3,1029.7,0,1,1
220,7,0,10.2,1029.9,0,1,1
220,7,0,10.3,1029.9,0,1,1
220,6,30,10.4,1030.1,0,1,1
190,7,30,10.6,1030.4,0,1,1
210,8,30,10.6,1030.2,0,1,1
190,10,30,11.0,1029.5,0,1,1
200,10,30,10.6,1028.9,0,1,1
230,7,20,10.8,1029.6,0,1,1
230,5,30,9.6,1029.2,0,0,1
190,7,30,10.0,1028.1,0,0,1
210,5,30,9.9,1028.0,0,0,1
190,8,60,9.6,1026.7,0,1,1
200,11,10,9.8,1026.6,0,1,1
190,10,30,10.0,1026.6,0,1,1
200,11,30,9.8,1026.1,0,1,1
190,8,10,9.6,1024.9,0,1,1
180,9,10,9.1,1024.1,0,1,1
180,11,10,9.0,1023.2,0,0,1
180,13,30,9.4,1022.4,1,0,1
190,10,20,9.3,1021.4,1,0,1
200,10,30,9.4,1020.7,1,0,1
190,10,60,9.5,1020.1,1,0,1
170,10,60,9.8,1019.7,1,1,1
190,12,60,9.8,1019.8,1,1,1
190,11,60,9.7,1019.8,1,1,1
200,11,60,10.1,1019.8,1,1,1
190,9,30,10.1,1020.1,1,1,1
210,13,60,10.5,1020.3,1,1,1
210,14,60,10.6,1019.8,1,1,1
220,13,60,10.5,1019.2,1,1,1
220,12,60,10.5,1019.0,1,1,1
210,9,60,10.5,1018.8,1,1,1
200,14,60,10.4,1018.6,1,1,1
200,15,60,10.3,1018.4,1,1,1
200,14,60,10.3,1018.3,1,1,1
200,12,60,10.2,1018.4,1,1,1
200,12,60,10.4,1018.6,1,0,1
200,11,30,10.3,1018.2,1,0,1
220,7,30,10.4,1017.8,1,0,1
190,10,30,10.3,1017.4,1,1,1
210,7,20,10.6,1017.7,1,1,1
210,8,20,10.6,1017.8,1,1,1
200,15,20,10.8,1018.0,1,1,1
200,13,20,10.9,1018.1,1,1,1
190,13,20,11.0,1018.4,1,1,1
200,14,10,11.1,1018.1,1,1,1
200,17,0,10.9,1017.5,1,1,1
200,17,0,10.9,1017.0,1,1,1
210,12,0,10.9,1016.8,1,1,1
220,12,0,10.9,1016.9,1,1,1
230,11,250,10.9,1016.9,1,1,1
230,7,250,10.9,1016.9,1,1,1
240,4,250,10.8,1017.0,1,1,1
220,4,0,10.7,1017.0,1,0,1
340,6,10,9.6,1016.6,1,0,1
20,5,20,7.7,1016.2,1,0,1
360,5,100,7.0,1015.8,1,0,1
340,3,250,6.3,1015.5,1,0,1
340,3,20,5.4,1015.5,1,1,1
360,5,30,5.6,1015.8,1,1,1
50,2,20,5.8,1015.8,1,1,1
320,3,30,5.5,1016.2,1,1,1
330,2,30,6.1,1016.4,1,1,1
70,2,30,6.6,1016.2,1,1,1
50,3,30,7.7,1015.5,1,1,1
90,5,30,9.1,1014.7,1,1,1
110,6,60,9.3,1014.3,1,1,1
90,5,30,9.4,1014.2,1,1,1
110,7,30,9.1,1014.2,1,1,1
90,6,30,8.5,1014.0,1,1,1
110,5,30,8.4,1013.9,1,1,1
90,5,30,8.3,1013.7,1,1,1
110,7,60,8.3,1013.6,1,0,1
90,6,10,8.0,1013.1,1,0,1
220,6,20,8.5,1010.6,1,0,1
310,4,100,8.0,1010.2,1,0,1
20,3,100,7.2,1009.7,1,1,1
300,1,100,6.7,1010.0,1,1,1
250,1,100,5.8,1010.0,1,1,1
60,3,0,5.8,1009.9,1,1,1
90,5,100,6.2,1009.5,1,1,1
90,3,100,7.0,1009.4,1,1,1
70,4,60,7.2,1008.9,1,1,1
70,4,30,7.2,1008.5,1,1,1
260,3,30,7.5,1008.7,1,1,1
310,7,60,7.9,1009.0,1,1,1
300,13,60,8.5,1009.2,1,1,1
310,15,100,8.3,1009.7,1,1,1
300,13,250,7.8,1010.2,1,1,1
300,12,250,7.7,1010.9,1,1,1
310,10,250,7.4,1011.5,1,0,1
290,8,250,6.8,1012.8,1,0,1
300,4,250,5.3,1013.7,1,0,1
300,4,250,4.8,1013.7,1,0,1
350,2,250,3.6,1013.4,1,0,1
100,5,250,2.8,1013.4,1,1,1
90,5,100,2.7,1013.7,1,1,1
90,7,30,3.2,1013.5,1,1,1
100,5,100,4.8,1013.4,1,1,1
70,3,30,6.4,1013.2,1,1,1
100,3,20,7.6,1012.5,1,1,1
140,3,100,8.7,1011.8,1,1,1
140,4,30,9.2,1010.9,1,1,1
140,6,30,9.2,1010.4,1,1,1
140,6,100,8.7,1009.9,1,1,1
190,8,60,8.8,1009.3,1,1,1
190,9,30,9.1,1008.6,1,1,1
200,5,100,7.8,1008.0,1,1,1
140,7,100,7.9,1007.0,1,0,1
120,8,150,7.8,1005.2,1,0,1
150,19,30,7.2,1000.1,0,0,1
130,12,30,7.6,997.1,0,0,1
160,10,60,7.1,996.2,0,0,1
130,11,30,7.3,994.7,0,1,1
100,8,30,7.1,994.5,0,1,1
90,7,30,6.9,994.4,0,1,1
190,8,30,7.4,994.6,0,1,1
180,10,30,7.6,994.8,0,1,1
200,19,30,7.6,994.9,0,1,1
180,16,30,7.2,995.0,0,1,1
160,13,30,7.3,998.5,0,1,1
60,13,20,5.3,1005.3,0,0,1
30,10,30,3.5,1009.6,0,0,1
20,9,250,3.1,1014.1,0,1,1
50,8,250,4.2,1014.5,0,1,1
50,10,250,4.7,1014.9,0,1,1
10,3,250,2.2,1016.1,0,1,1
280,1,100,2.5,1015.8,0,0,1
90,2,60,2.8,1015.0,0,0,1
80,4,30,2.0,1014.7,1,0,1
70,1,150,1.8,1011.8,1,0,1
90,2,250,2.0,1010.8,1,1,1
10,1,60,2.1,1010.5,1,1,1
330,3,100,3.1,1009.9,1,1,1
270,4,60,4.0,1009.3,1,1,1
260,5,30,6.0,1008.0,1,1,1
360,9,30,5.5,1007.2,1,1,1
300,6,100,5.8,1006.1,1,1,1
310,9,60,7.0,1005.5,1,1,1
330,12,60,8.2,1005.4,1,1,1
340,14,60,6.4,1005.4,1,1,1
320,11,100,6.0,1005.4,1,1,1
320,15,60,4.9,1005.1,1,1,1
320,11,250,5.0,1004.9,1,1,1
340,10,250,3.9,1004.7,1,0,1
10,9,30,2.8,1004.9,1,0,1
330,12,250,2.7,1004.7,1,0,1
330,14,250,3.2,1004.9,1,1,1
340,11,250,3.2,1005.4,1,1,1
350,11,250,3.5,1006.0,1,1,1
350,6,250,3.4,1006.7,1,1,1
310,7,100,4.5,1007.2,1,1,1
320,6,100,5.7,1007.2,1,1,1
340,7,30,5.7,1007.3,1,1,1
290,5,100,6.2,1006.6,1,1,1
300,6,30,7.3,1006.4,1,1,1
320,9,100,6.3,1005.9,1,1,1
330,7,100,6.0,1006.0,1,1,1
350,4,60,5.2,1005.8,1,1,1
40,1,150,4.3,1005.4,1,1,1
210,1,250,4.0,1005.1,1,1,1
110,5,250,3.9,1004.4,1,0,1
100,8,250,3.9,1003.1,1,0,1
100,8,150,4.2,1001.1,1,0,1
100,9,150,5.4,999.9,1,0,1
110,11,150,5.1,999.7,1,1,1
100,9,200,5.1,1000.4,1,1,1
110,9,200,5.1,1001.0,1,1,1
110,8,100,5.0,1001.7,1,1,1
120,11,250,5.5,1002.3,1,1,1
110,8,100,5.8,1003.3,1,1,1
110,9,100,6.4,1003.2,1,1,1
130,6,100,6.1,1004.1,1,1,1
100,4,60,5.7,1004.8,1,1,1
100,5,100,5.5,1005.4,1,1,1
80,4,100,5.2,1006.4,1,1,1
90,4,100,4.8,1007.0,1,1,1
100,5,60,4.2,1007.4,1,1,1
110,4,100,4.0,1008.2,1,1,1
120,5,100,4.0,1008.5,1,0,1
130,5,100,3.9,1009.0,1,0,1
160,7,100,4.9,1009.7,1,0,1
180,11,60,4.8,1009.9,1,0,1
170,10,100,4.9,1009.8,1,0,1
180,11,150,5.2,1009.7,1,1,1
180,12,150,5.1,1009.7,1,1,1
180,12,60,4.3,1010.0,1,1,1
150,10,100,4.1,1010.2,1,1,1
150,11,100,4.1,1010.0,1,1,1
160,10,100,5.2,1009.8,1,1,1
150,10,100,5.7,1009.2,1,1,1
160,12,100,5.9,1008.6,1,1,1
170,12,60,6.0,1007.7,1,1,1
160,12,60,6.0,1006.9,1,1,1
160,13,60,6.0,1006.3,1,1,1
160,14,100,5.9,1005.8,1,1,1
150,12,60,5.9,1005.1,1,1,1
150,14,60,6.0,1004.6,1,1,1
140,15,60,5.8,1003.9,1,0,1
150,15,30,5.7,1002.9,1,0,1
150,16,30,3.9,999.2,1,0,1
140,18,20,2.3,998.2,1,0,1
140,20,20,1.5,995.0,1,0,1
140,16,20,1.4,994.5,1,1,1
140,19,20,1.8,993.4,1,1,1
130,14,20,2.2,992.5,1,1,1
120,13,20,2.7,991.9,1,1,1
120,10,20,3.1,991.0,1,1,1
80,7,10,2.7,990.4,1,1,1
90,8,10,2.7,988.9,1,1,1
90,8,10,3.2,987.8,1,1,1
90,8,10,3.3,986.9,1,1,1
90,8,10,3.7,986.3,1,1,1
80,7,10,3.9,986.5,1,1,1
90,8,10,4.0,986.1,1,1,1
80,6,10,4.1,986.2,1,1,1
80,6,10,4.3,985.9,1,1,1
80,8,10,4.4,986.0,1,0,1
80,10,20,3.4,986.3,0,0,1
70,12,30,3.4,985.9,0,0,1
80,12,20,2.5,986.4,0,0,1
80,13,20,1.7,986.9,0,1,1
60,11,20,1.5,987.4,0,1,1
50,11,20,1.0,988.1,0,1,1
50,9,30,1.4,988.6,0,1,1
50,9,20,1.5,989.1,0,1,1
50,11,20,1.6,989.4,0,1,1
60,10,30,1.6,989.1,0,1,1
40,9,30,1.5,989.8,0,1,1
50,8,30,1.4,990.4,0,1,1
60,7,30,1.7,990.6,0,1,1
30,8,30,1.7,991.6,0,1,1
60,8,30,1.3,992.5,0,1,1
50,10,30,1.1,992.6,0,0,1
40,7,60,0.2,992.9,0,0,1
50,11,60,0.1,992.6,0,0,1
50,7,60,-0.6,991.6,0,1,1
60,6,60,-0.4,991.6,0,1,1
70,4,60,-0.3,991.5,0,1,1
40,6,60,-0.2,989.5,0,1,1
80,4,250,-2.5,987.6,0,0,1
90,5,60,-2.7,987.0,0,0,1
100,6,250,-1.9,985.4,1,0,1
30,2,60,-1.3,985.9,1,1,1
360,5,60,-0.6,986.4,1,1,1
20,6,100,-0.4,987.2,1,1,1
350,4,100,-0.4,987.9,1,1,1
60,6,60,0.1,988.2,1,1,1
320,1,100,0.9,989.0,1,1,1
280,6,100,1.4,989.5,1,1,1
290,5,60,2.3,989.6,1,1,1
320,1,100,2.8,989.6,1,1,1
250,4,30,3.6,989.8,1,1,1
250,7,150,3.5,990.2,1,1,1
250,5,150,3.5,990.3,1,1,1
160,2,150,2.3,990.1,1,1,1
90,5,60,0.9,990.1,1,1,1
90,7,250,0.7,990.0,1,0,1
100,7,150,1.5,989.5,1,0,1
150,8,30,5.7,987.4,1,0,1
90,7,60,3.9,987.3,1,1,1
80,5,30,4.1,987.7,1,1,1
100,9,100,4.5,987.8,1,1,1
90,7,30,4.1,988.8,1,1,1
50,6,30,3.8,989.4,1,1,1
30,6,60,3.6,989.7,1,1,1
30,4,60,3.6,989.8,1,1,1
20,7,60,3.4,989.7,1,1,1
20,5,60,3.8,989.7,1,1,1
40,8,30,3.7,990.1,1,1,1
30,9,30,3.6,990.6,1,1,1
40,10,30,3.3,991.5,1,1,1
50,10,30,3.0,992.4,1,1,1
20,8,30,2.7,993.0,1,1,1
20,10,30,2.5,994.3,1,0,1
10,10,60,2.4,995.4,1,0,1
360,6,30,1.9,997.5,1,0,1
10,6,30,1.4,997.9,1,0,1
10,5,30,1.5,998.5,1,1,1
350,5,30,1.8,998.9,1,1,1
20,4,60,1.8,999.3,1,1,1
330,7,30,1.9,1000.5,1,1,1
10,5,30,2.0,1000.2,1,1,1
40,5,30,2.3,999.9,1,1,1
70,3,30,2.8,999.3,1,1,1
50,1,30,3.1,999.3,1,1,1
300,3,30,3.3,999.1,1,1,1
20,3,30,3.6,998.5,1,1,1
70,5,30,3.3,997.7,1,1,1
70,4,30,3.3,997.7,1,1,1
80,6,60,3.1,997.8,1,1,1
60,6,60,2.8,997.6,1,1,1
60,7,100,2.6,997.6,1,0,1
50,7,20,3.7,999.0,1,0,1
60,9,30,3.6,999.5,1,0,1
60,12,30,3.7,1000.3,1,0,1
50,8,30,3.2,1003.8,1,0,1
50,9,20,2.9,1004.7,1,0,1
50,9,20,2.3,1006.8,1,1,1
60,7,20,2.4,1008.0,1,1,1
50,5,20,2.2,1009.2,1,1,1
80,6,30,2.6,1010.1,1,1,1
80,8,30,2.7,1010.7,1,1,1
80,9,30,4.1,1010.7,1,1,1
80,9,30,3.7,1010.8,1,1,1
100,7,30,4.4,1011.1,1,1,1
100,8,250,4.7,1011.7,1,1,1
100,4,250,4.0,1012.3,1,1,1
90,4,250,2.6,1012.6,1,1,1
90,5,250,1.7,1012.7,1,1,1
100,7,250,1.2,1012.8,1,1,1
90,5,250,0.6,1012.8,1,0,1
110,6,60,1.3,1012.1,1,0,1
110,7,60,1.9,1012.0,1,0,1
150,11,60,5.7,1009.7,1,0,1
170,11,60,5.9,1009.5,1,1,1
170,12,60,5.6,1008.6,1,1,1
160,14,60,5.4,1008.3,1,1,1
160,13,60,5.2,1007.9,1,1,1
160,15,60,5.3,1007.5,1,1,1
150,15,30,4.6,1007.2,1,1,1
150,14,60,4.4,1006.2,1,1,1
150,15,30,4.7,1004.8,1,1,1
150,14,20,5.6,1003.2,1,1,1
160,14,10,6.5,1001.2,1,1,1
180,18,20,7.1,999.8,1,1,1
180,19,20,7.6,998.0,1,1,1
180,17,20,7.7,996.0,1,1,1
180,20,10,8.3,994.3,1,1,1
180,21,10,8.5,992.6,1,0,1
180,23,10,8.9,990.7,1,0,1
290,13,20,9.8,990.6,1,0,1
320,18,30,9.0,992.9,0,0,1
320,9,250,6.3,1003.8,0,1,1
270,7,250,5.1,1004.3,0,1,1
260,5,250,4.5,1005.3,0,1,1
250,4,250,4.7,1006.2,0,1,1
240,4,60,7.1,1006.8,0,1,1
240,7,60,9.4,1007.0,0,1,1
230,13,60,9.7,1006.9,0,1,1
230,17,60,9.7,1006.4,0,1,1
220,18,30,9.9,1005.8,0,1,1
200,19,30,9.6,1004.5,0,1,1
190,16,100,9.4,1001.4,0,1,1
200,19,100,9.4,1000.3,0,1,1
210,25,20,10.2,994.5,0,0,1
280,25,60,9.0,989.5,0,1,1
260,22,250,7.2,992.5,0,1,1
260,18,250,7.7,993.7,0,1,1
260,19,250,8.2,994.5,0,1,1
250,23,100,8.8,994.9,0,1,1
260,22,250,9.2,995.1,0,1,1
250,19,250,7.5,996.9,0,1,1
250,17,250,8.0,997.6,0,0,1
270,9,250,4.6,1000.6,1,0,1
240,18,250,7.6,1003.7,1,1,1
240,15,250,7.9,1003.8,1,1,1
240,22,150,8.7,1003.6,1,1,1
220,20,60,9.1,1002.7,1,1,1
210,22,100,9.3,1002.8,1,1,1
210,24,150,9.8,1001.4,1,1,1
210,30,30,9.2,1000.1,1,1,1
210,29,30,9.4,998.7,1,1,1
220,33,10,9.5,997.2,1,1,1
230,34,20,9.9,996.6,1,1,1
230,35,10,10.0,996.3,1,1,1
240,35,20,10.5,997.0,1,1,1
260,29,20,10.2,997.7,1,1,1
260,18,10,10.4,998.2,1,0,1
250,11,10,10.0,999.2,1,0,1
230,21,0,10.9,998.5,1,1,1
230,19,0,10.9,998.6,1,1,1
230,25,5,11.1,998.9,1,1,1
230,29,0,11.2,999.2,1,1,1
230,24,5,11.0,999.4,1,1,1
220,23,10,11.0,999.7,1,1,1
220,27,5,11.1,999.3,1,1,1
230,27,5,11.0,998.9,1,1,1
220,28,10,11.2,998.7,1,1,1
230,27,10,11.1,998.5,1,1,1
230,28,20,11.1,998.0,1,1,1
230,30,20,11.1,997.6,1,1,1
230,33,20,11.1,997.2,1,1,1
220,31,10,11.2,997.0,1,0,1
220,28,5,11.0,995.3,1,0,1
250,18,30,9.2,999.1,1,0,1
250,14,200,9.0,999.7,1,1,1
250,16,200,9.4,1000.4,1,1,1
250,22,60,9.6,1001.4,1,1,1
260,19,250,9.3,1002.5,1,1,1
250,20,250,9.5,1003.9,1,1,1
270,20,100,10.4,1005.0,1,1,1
270,21,100,10.5,1006.1,1,1,1
260,23,100,10.8,1007.0,1,1,1
270,28,100,10.6,1008.0,1,1,1
270,23,150,9.7,1009.0,1,1,1
280,19,100,10.1,1009.7,1,1,1
280,14,100,9.0,1010.9,1,1,1
260,12,100,8.3,1012.0,1,1,1
250,14,250,8.4,1012.8,1,1,1
240,12,100,8.4,1013.2,1,0,1
240,18,250,8.7,1013.1,1,0,1
220,31,30,7.4,991.6,0,0,1
210,31,30,7.2,989.3,0,0,1
240,10,60,5.3,988.1,0,0,1
240,8,60,4.8,988.0,0,1,1
220,8,60,5.9,987.9,0,1,1
220,10,60,7.1,987.5,0,1,1
190,12,60,6.7,986.9,0,1,1
190,16,60,6.6,986.4,0,1,1
200,15,60,8.9,985.8,0,1,1
220,24,60,9.6,983.8,0,1,1
220,21,60,8.7,983.6,0,1,1
250,15,100,6.8,984.0,0,1,1
260,17,100,6.4,984.6,0,1,1
260,10,250,4.9,986.5,0,1,1
260,9,100,4.8,987.0,0,0,1
280,7,100,4.8,986.9,0,0,1
80,3,60,4.0,987.3,0,0,1
80,4,150,3.9,986.8,0,0,1
40,10,100,3.0,984.1,0,1,1
10,2,250,3.2,984.3,0,1,1
330,7,250,4.3,984.4,0,1,1
340,5,250,6.0,984.5,0,1,1
340,6,150,6.1,984.6,0,1,1
220,8,100,9.6,983.5,0,1,1
210,10,250,6.7,983.3,0,1,1
180,8,60,5.3,983.2,0,0,1
110,5,60,4.0,982.3,1,0,1
350,2,250,0.1,982.3,1,0,1
360,2,100,0.1,982.7,1,1,1
340,1,100,0.8,982.9,1,1,1
330,1,150,1.7,983.3,1,1,1
170,1,250,5.1,983.6,1,1,1
260,3,250,7.1,983.9,1,1,1
220,3,60,9.0,984.1,1,1,1
210,7,100,9.1,984.5,1,1,1
210,8,100,10.2,984.8,1,1,1
220,11,250,10.3,984.8,1,1,1
220,11,250,9.8,985.0,1,1,1
220,10,250,9.7,985.0,1,1,1
230,8,250,9.5,985.6,1,1,1
260,6,100,7.1,986.2,1,1,1
340,9,100,6.1,986.8,1,1,1
340,7,100,5.2,987.6,1,0,1
300,3,100,4.6,989.0,1,0,1
40,1,250,1.9,989.7,1,0,1
110,5,150,0.6,990.0,1,1,1
60,3,100,0.8,990.1,1,1,1
50,5,100,1.8,990.0,1,1,1
90,4,30,4.7,990.3,1,1,1
210,3,30,8.1,990.4,1,1,1
210,5,30,7.6,990.4,1,1,1
200,7,60,10.4,990.6,1,1,1
200,11,250,10.0,990.4,1,1,1
190,7,200,10.1,990.1,1,1,1
190,13,200,7.6,990.0,1,1,1
200,8,150,7.0,989.9,1,1,1
160,3,150,7.2,989.7,1,1,1
170,4,150,6.1,990.0,1,1,1
90,4,60,5.9,990.5,1,1,1
340,3,60,4.1,992.8,1,0,1
60,2,60,4.1,995.1,1,0,1
20,5,100,3.8,995.7,1,1,1
30,3,250,2.9,996.7,1,1,1
330,3,250,4.0,997.9,1,1,1
330,3,250,5.9,999.0,1,1,1
330,2,250,7.7,999.6,1,1,1
220,6,250,9.9,1000.7,1,1,1
210,9,100,10.4,1001.6,1,1,1
220,10,100,10.6,1002.3,1,1,1
240,8,200,8.9,1002.8,1,1,1
220,8,200,10.5,1002.6,1,1,1
230,10,250,9.1,1003.6,1,1,1
240,7,250,7.0,1004.6,1,1,1
220,7,200,6.5,1005.1,1,1,1
190,4,250,5.4,1005.5,1,1,1
170,4,250,5.3,1006.0,1,0,1
120,5,60,6.1,1006.5,1,0,1
110,10,60,5.1,1004.4,1,0,1
110,13,20,5.1,1003.7,1,1,1
100,17,60,5.0,1003.0,1,1,1
100,14,30,5.1,1002.9,1,1,1
100,17,20,5.4,1002.8,1,1,1
100,16,20,5.9,1002.4,1,1,1
100,13,20,6.4,1002.1,1,1,1
110,14,10,6.8,1001.5,1,1,1
120,15,10,7.5,1000.8,1,1,1
120,16,10,7.7,1000.0,1,1,1
120,16,20,7.8,999.3,1,1,1
120,17,20,7.8,998.7,1,1,1
120,21,20,7.7,998.7,1,1,1
110,17,20,7.7,998.9,1,1,1
110,17,20,7.6,998.2,1,0,1
110,14,20,7.8,998.0,1,0,1
120,15,10,8.5,997.0,1,0,1
110,14,150,8.2,995.9,1,0,1
100,11,30,7.9,995.6,1,0,1
100,13,30,7.7,994.6,1,1,1
90,12,100,7.6,994.5,1,1,1
90,14,20,7.6,994.1,1,1,1
90,13,30,7.5,993.4,1,1,1
100,14,100,7.4,993.9,1,1,1
100,13,100,7.4,993.9,1,1,1
100,14,100,7.5,993.5,1,1,1
100,16,30,7.4,992.9,1,1,1
100,15,30,7.9,993.0,1,1,1
90,14,30,7.2,993.5,1,1,1
90,15,30,7.1,993.1,1,1,1
100,14,30,6.8,994.1,1,1,1
90,13,60,6.7,994.1,1,1,1
90,14,30,6.6,994.7,1,1,1
80,11,30,6.8,995.1,1,0,1
80,10,20,6.9,995.6,1,0,1
90,6,20,6.8,997.1,0,0,1
80,6,30,6.2,997.2,0,0,1
80,8,250,5.2,997.8,0,0,1
80,11,10,5.6,998.4,0,1,1
80,12,10,5.9,998.7,0,1,1
90,14,10,6.0,999.2,0,1,1
80,14,10,6.3,999.4,0,1,1
90,12,10,6.2,999.8,0,1,1
80,15,10,5.8,1000.2,0,1,1
80,15,10,5.6,1000.4,0,1,1
90,15,10,5.3,1000.6,0,1,1
80,13,10,5.2,1000.4,0,1,1
80,17,10,3.9,1000.9,0,1,1
70,15,10,3.3,1001.6,0,0,1
80,15,20,3.1,1002.0,0,0,1
70,13,20,2.5,1002.5,0,0,1
60,14,20,2.1,1002.1,0,0,1
60,12,20,2.0,1002.2,0,0,1
70,14,20,2.3,1002.9,0,1,1
70,16,20,2.3,1003.0,0,1,1
70,13,20,2.6,1003.9,0,1,1
70,12,30,2.7,1003.7,0,1,1
50,12,30,0.6,1006.8,0,0,1
60,9,30,0.4,1006.6,1,0,1
60,9,60,0.3,1006.5,1,0,1
60,9,60,0.5,1006.3,1,0,1
60,8,100,1.0,1006.4,1,0,1
60,11,100,1.1,1006.2,1,1,1
70,14,100,1.3,1006.1,1,1,1
60,13,100,1.6,1006.3,1,1,1
70,13,100,1.9,1006.6,1,1,1
70,13,100,2.4,1006.4,1,1,1
70,13,60,2.4,1006.4,1,1,1
70,12,60,2.5,1006.5,1,1,1
70,11,60,2.8,1006.0,1,1,1
70,12,60,2.6,1006.0,1,1,1
60,11,60,2.8,1005.9,1,1,1
60,11,60,2.6,1005.9,1,1,1
60,11,60,2.0,1006.3,1,1,1
70,15,60,1.5,1006.4,1,1,1
60,11,60,1.2,1006.8,1,0,1
60,10,100,1.1,1006.9,1,0,1
70,11,100,1.1,1006.9,1,0,1
50,10,60,0.7,1006.9,1,0,1
50,7,100,-0.4,1006.7,1,0,1
50,5,100,-0.7,1006.8,1,0,1
50,6,100,-0.9,1006.7,1,1,1
50,10,100,-0.4,1006.7,1,1,1
60,12,250,0.7,1006.8,1,1,1
60,12,250,1.8,1006.6,1,1,1
80,12,60,2.8,1006.5,1,1,1
80,10,60,2.2,1006.7,1,1,1
80,9,100,2.4,1006.5,1,1,1
80,8,100,2.6,1006.4,1,1,1
80,8,60,2.3,1006.4,1,1,1
50,11,100,2.4,1005.9,1,1,1
50,8,100,2.4,1005.7,1,1,1
50,9,60,2.4,1005.6,1,1,1
50,11,100,1.8,1005.6,1,1,1
60,10,100,1.5,1006.0,1,1,1
60,10,100,1.0,1006.1,1,0,1
60,10,100,0.8,1005.9,1,0,1
60,7,150,0.7,1005.5,1,0,1
60,7,100,0.5,1004.7,1,0,1
50,8,100,0.5,1004.0,1,0,1
50,9,100,0.4,1004.0,1,1,1
50,7,100,0.1,1004.0,1,1,1
60,9,60,0.8,1004.0,1,1,1
60,10,100,1.4,1004.0,1,1,1
70,12,100,2.0,1004.0,1,1,1
60,12,150,2.9,1004.0,1,1,1
70,15,100,3.4,1003.9,1,1,1
70,13,100,3.4,1004.0,1,1,1
70,12,100,3.3,1004.0,1,1,1
70,11,100,3.3,1004.3,1,1,1
80,9,60,4.1,1004.3,1,1,1
60,9,200,3.8,1004.7,1,1,1
60,8,150,3.2,1005.1,1,1,1
60,8,150,2.5,1005.3,1,1,1
50,7,150,1.6,1005.5,1,0,1
70,7,150,1.0,1005.5,1,0,1
50,9,150,0.7,1005.5,1,0,1
60,6,150,0.5,1005.8,1,0,1
70,8,100,0.5,1005.2,1,0,1
60,8,100,0.0,1005.5,1,1,1
60,6,150,-0.1,1005.9,1,1,1
70,8,250,1.0,1006.2,1,1,1
70,8,250,2.6,1006.2,1,1,1
70,8,250,3.8,1006.2,1,1,1
80,6,250,5.2,1006.0,1,1,1
90,6,100,6.0,1005.9,1,1,1
100,6,100,6.6,1005.8,1,1,1
100,5,100,7.4,1005.6,1,1,1
100,7,100,6.4,1005.6,1,1,1
120,9,150,6.4,1005.8,1,1,1
80,7,100,5.3,1006.0,1,1,1
90,6,100,4.5,1006.5,1,1,1
120,4,100,3.3,1006.8,1,1,1
100,4,100,2.6,1006.4,1,0,1
90,7,100,2.5,1004.8,1,0,0
90,11,100,3.0,1003.7,1,0,0
90,9,250,2.6,1003.5,1,0,0
80,11,100,2.6,1002.9,1,0,0
90,10,100,2.7,1002.8,1,0,0
100,12,100,3.0,1002.8,1,1,0
90,10,100,2.6,1002.6,1,1,0
90,12,60,2.5,1001.5,1,1,0
80,17,60,3.1,1001.1,1,1,0
80,17,60,3.5,1000.8,1,1,0
80,18,60,3.9,1000.3,1,1,0
90,14,60,4.1,999.8,1,1,0
80,14,100,3.9,999.0,1,1,0
80,16,100,3.3,999.6,0,0,1
60,14,100,1.7,1000.4,0,0,1
60,11,100,0.9,1001.5,0,0,1
60,13,250,0.8,1002.1,0,1,1
50,11,100,1.3,1002.8,0,1,1
50,11,100,2.6,1003.2,0,1,1
70,12,250,3.9,1003.6,0,1,1
60,13,250,4.5,1004.1,0,1,1
80,11,250,5.5,1004.7,0,1,1
70,10,100,5.7,1005.2,0,1,1
80,9,100,5.3,1005.5,0,1,1
120,9,100,5.7,1006.3,0,1,1
130,8,250,4.7,1006.4,0,1,1
100,6,100,3.1,1007.7,0,0,1
100,3,100,2.5,1007.7,0,0,1
90,10,100,3.9,1006.1,0,1,1
110,12,100,5.7,1005.4,0,1,1
100,12,60,5.2,1005.4,0,1,1
130,14,60,5.0,1004.4,0,1,1
90,18,60,4.0,1002.2,0,1,1
90,13,100,3.5,1002.3,0,0,1
90,9,100,3.5,1001.2,1,0,0
80,9,100,2.8,1000.0,1,0,0
80,13,100,2.8,999.8,1,1,0
90,12,100,3.0,999.9,1,1,0
80,14,100,4.5,1000.5,1,1,0
80,17,60,4.8,1001.0,1,1,0
80,17,60,4.8,1001.1,1,1,0
90,19,250,5.1,1000.4,1,1,0
80,12,250,3.7,1001.7,1,1,0
80,11,60,2.7,1003.8,1,0,1
60,8,60,0.9,1004.0,1,0,1
60,8,60,0.6,1004.5,1,0,1
70,8,60,0.8,1005.0,1,1,1
60,10,60,0.9,1005.5,1,1,1
70,12,250,2.0,1005.9,1,1,1
80,15,250,3.5,1006.2,1,1,1
80,14,250,5.1,1006.6,1,1,1
80,15,250,6.4,1007.0,1,1,1
80,16,250,6.7,1007.3,1,1,1
90,13,250,7.8,1007.5,1,1,1
90,11,250,7.8,1007.9,1,1,1
90,11,250,8.0,1007.8,1,1,1
90,10,250,8.1,1007.8,1,1,1
80,6,250,8.1,1008.2,1,1,1
90,6,250,7.3,1008.6,1,1,1
90,4,250,6.0,1009.1,1,1,1
100,3,250,2.0,1010.9,1,0,1
20,2,250,-0.9,1011.3,1,0,1
70,12,250,1.1,1010.7,1,0,1
70,12,250,1.2,1010.7,1,0,1
60,13,250,0.6,1010.6,1,0,1
70,5,250,-0.1,1010.7,1,0,1
50,9,250,0.2,1010.8,1,1,1
50,6,250,0.9,1010.8,1,1,1
70,7,250,3.1,1010.8,1,1,1
70,9,250,4.7,1010.7,1,1,1
70,15,250,5.4,1010.4,1,1,1
70,17,250,6.5,1009.9,1,1,1
80,12,250,8.0,1009.8,1,1,1
90,12,250,7.7,1009.7,1,1,1
70,11,100,7.9,1009.4,1,1,1
80,9,100,7.9,1009.1,1,1,1
100,8,150,8.1,1008.8,1,1,1
90,11,150,7.0,1008.5,1,1,1
90,8,150,6.3,1008.8,1,1,1
70,5,150,4.5,1009.7,1,0,1
90,6,150,3.2,1010.3,1,0,1
40,8,250,2.4,1010.1,1,0,1
30,10,250,1.0,1008.5,1,0,1
30,13,200,1.1,1008.2,1,0,1
40,14,200,0.8,1008.1,1,0,1
40,16,150,1.4,1008.0,1,1,1
40,14,150,1.7,1008.3,1,1,1
40,15,250,3.5,1008.4,1,1,1
50,17,60,3.9,1008.4,1,1,1
30,16,60,4.3,1008.4,1,1,1
30,17,100,4.4,1008.1,1,1,1
30,16,100,5.6,1008.0,1,1,1
50,16,100,5.8,1007.7,1,1,1
50,19,100,5.2,1007.8,1,1,1
40,17,100,4.7,1007.7,1,1,1
30,17,100,3.8,1007.8,1,1,1
30,13,150,4.1,1008.0,1,1,1
40,18,150,3.9,1008.1,1,1,1
30,13,200,3.7,1008.2,1,1,1
30,16,150,3.9,1008.9,1,0,1
20,13,150,3.6,1009.2,1,0,1
10,10,250,1.0,1008.5,1,0,1
20,11,100,1.5,1008.4,1,0,1
30,10,100,1.2,1008.7,1,0,1
30,8,60,0.9,1009.3,1,1,1
20,8,100,1.2,1009.4,1,1,1
20,14,200,2.4,1009.6,1,1,1
30,17,150,4.3,1009.8,1,1,1
30,18,100,5.6,1010.1,1,1,1
30,16,150,6.6,1009.9,1,1,1
30,17,250,7.2,1010.0,1,1,1
40,15,250,8.5,1010.2,1,1,1
40,17,250,8.4,1010.2,1,1,1
30,15,150,8.9,1010.4,1,1,1
30,16,150,8.5,1010.9,1,1,1
30,13,150,8.3,1011.4,1,1,1
30,13,150,7.7,1012.0,1,1,1
40,5,250,2.8,1015.5,1,0,1
40,6,250,0.7,1017.4,0,0,1
40,9,250,0.9,1017.4,0,0,1
70,6,250,0.8,1018.0,0,1,1
80,6,250,2.1,1018.6,0,1,1
30,5,250,4.1,1019.3,0,1,1
70,6,250,6.2,1019.4,0,1,1
80,6,250,7.3,1019.6,0,1,1
10,6,100,8.2,1019.6,0,1,1
250,7,150,10.1,1020.1,0,1,1
210,10,250,9.2,1019.6,0,1,1
210,9,250,6.8,1018.9,0,1,1
280,1,250,2.1,1019.5,0,0,1
80,4,250,1.4,1019.0,0,0,1
100,6,250,1.1,1015.7,0,0,1
100,5,250,0.9,1015.1,0,0,1
130,12,60,5.2,1013.5,0,1,1
130,12,60,6.2,1013.4,0,1,1
140,13,60,7.0,1011.6,0,1,1
140,13,100,6.1,1008.3,0,1,1
130,14,100,6.8,1006.9,0,1,1
120,11,250,6.4,1005.9,0,1,1
100,11,250,5.3,1001.3,0,0,1
100,10,250,5.6,1000.5,1,0,1
100,9,250,5.8,998.6,1,0,1
130,8,30,5.3,996.4,1,0,1
90,5,30,4.9,996.1,1,1,1
90,7,150,5.0,996.0,1,1,1
100,7,30,5.4,995.8,1,1,1
110,11,100,6.0,995.7,1,1,1
110,15,60,5.9,995.6,1,1,1
100,15,30,7.2,995.3,1,1,1
110,17,30,6.9,995.0,1,1,1
110,16,30,6.5,994.8,1,1,1
100,13,30,6.6,994.5,1,1,1
100,14,30,6.9,994.1,1,1,1
100,14,30,6.9,993.5,1,1,1
100,12,30,6.2,993.3,1,1,1
100,11,30,5.6,992.9,1,1,1
100,12,30,5.5,992.2,1,1,1
110,10,30,5.6,984.4,1,0,1
80,8,30,5.3,984.3,1,0,1
70,10,30,5.2,984.5,1,1,1
70,10,60,5.7,984.9,1,1,1
70,11,30,5.9,985.3,1,1,1
60,12,30,6.1,986.0,1,1,1
60,10,30,6.7,986.8,1,1,1
70,8,30,7.0,987.7,1,1,1
40,7,30,7.1,988.6,1,1,1
30,4,30,7.8,989.5,1,1,1
30,5,30,7.8,989.9,1,1,1
330,3,30,8.1,990.5,1,1,1
240,2,30,7.6,990.8,1,1,1
360,4,60,8.0,991.3,1,1,1
360,6,100,7.8,991.9,1,1,1
330,4,60,7.7,992.8,1,1,1
220,2,100,5.6,997.7,1,0,1
180,1,100,4.5,998.2,1,0,1
110,3,100,3.5,998.6,1,0,1
110,4,250,3.3,998.6,1,1,1
60,4,250,4.0,998.6,1,1,1
100,5,0,5.8,998.5,1,1,1
110,7,0,6.6,998.2,1,1,1
130,9,30,7.8,997.8,1,1,1
120,10,20,8.4,997.0,1,1,1
140,13,10,8.5,996.3,1,1,1
140,13,10,8.6,995.4,1,1,1
120,13,10,8.5,994.0,1,1,1
110,13,30,8.4,992.2,1,1,1
100,14,30,7.8,991.2,1,1,1
90,14,30,7.3,989.4,1,1,1
90,15,20,7.2,987.8,1,1,1
80,17,60,7.2,987.2,1,1,1
80,16,60,7.3,986.9,1,0,1
290,3,60,6.7,990.3,1,0,1
230,8,30,6.2,991.6,1,0,1
10,1,100,6.3,991.4,1,0,1
170,1,30,6.4,991.4,1,1,1
120,2,10,6.8,991.6,1,1,1
120,2,10,7.8,992.0,1,1,1
210,5,10,9.3,991.9,1,1,1
220,8,5,10.5,991.7,1,1,1
200,17,30,10.6,991.5,1,1,1
190,18,60,11.7,991.2,1,1,1
200,20,150,10.4,991.2,1,1,1
200,20,60,12.5,990.7,1,1,1
200,23,30,11.8,990.2,1,1,1
200,21,30,10.1,990.2,1,1,1
200,15,20,9.8,990.0,1,1,1
210,18,30,9.9,989.8,1,1,1
200,15,150,8.5,989.4,1,0,1
180,16,60,8.8,988.8,1,0,1
200,17,30,8.3,984.5,1,0,1
250,12,60,7.6,984.7,1,0,1
250,15,20,7.5,985.5,1,0,1
250,14,30,7.5,986.4,1,0,1
270,16,30,7.3,987.6,1,1,1
290,13,30,7.2,989.0,1,1,1
260,14,30,8.2,990.1,1,1,1
280,16,30,8.5,991.2,1,1,1
280,14,30,9.0,992.4,1,1,1
280,14,30,9.2,993.6,1,1,1
290,16,60,10.0,994.7,1,1,1
280,15,60,10.5,995.8,1,1,1
280,9,60,10.8,996.8,1,1,1
290,9,100,11.0,997.5,1,1,1
250,11,60,12.2,998.3,1,1,1
240,9,150,10.2,999.0,1,1,1
250,9,150,9.4,999.7,1,1,1
230,9,150,8.2,1000.5,1,1,1
240,8,100,7.9,1001.9,1,0,1
260,6,100,7.3,1002.6,1,0,1
240,6,30,6.7,1003.6,0,0,1
160,8,250,6.6,1003.4,0,0,1
160,10,150,7.4,1003.0,0,0,1
150,14,20,8.3,1002.2,0,1,1
150,14,10,8.2,1001.6,0,1,1
140,16,10,8.3,1001.1,0,1,1
150,16,10,8.8,1000.8,0,1,1
150,13,10,9.1,1000.3,0,1,1
170,17,5,9.9,999.7,0,1,1
180,25,5,10.2,999.3,0,1,1
190,23,0,10.3,999.7,0,1,1
200,25,0,10.3,999.8,0,1,1
200,23,0,10.1,1000.3,0,1,1
200,17,0,10.1,1003.5,0,0,1
200,19,10,10.4,1003.6,0,0,1
190,20,20,10.2,1003.8,0,0,1
180,22,30,10.8,1003.4,0,0,1
180,25,60,11.2,1003.5,0,1,1
180,25,60,11.6,1002.9,0,1,1
180,20,150,11.1,1005.3,0,1,1
200,19,20,10.1,1007.8,0,0,1
200,18,20,10.0,1008.1,0,0,1
200,21,30,9.8,1008.1,1,0,1
200,19,30,9.6,1008.9,1,0,1
210,17,20,9.5,1009.6,1,0,1
210,12,20,9.1,1010.4,1,1,1
210,12,5,9.4,1010.8,1,1,1
200,16,30,10.2,1010.6,1,1,1
210,14,30,10.2,1011.3,1,1,1
210,14,30,10.9,1011.4,1,1,1
200,15,10,11.3,1011.9,1,1,1
200,16,10,11.3,1011.7,1,1,1
190,17,10,11.9,1011.5,1,1,1
190,19,10,12.0,1011.3,1,1,1
200,19,20,11.9,1010.8,1,1,1
180,19,100,11.5,1010.1,1,1,1
190,20,100,11.2,1010.0,1,1,1
200,19,10,10.1,1009.8,1,1,1
200,22,20,9.8,1009.5,1,1,1
190,25,30,9.8,1007.1,1,0,1
230,17,20,9.4,1006.7,1,0,1
220,14,20,9.0,1006.9,1,0,1
230,13,10,9.1,1007.6,1,1,1
230,13,10,9.3,1008.4,1,1,1
230,14,20,9.7,1009.0,1,1,1
250,12,30,10.0,1009.6,1,1,1
230,12,10,10.6,1010.3,1,1,1
230,12,10,11.4,1010.6,1,1,1
220,11,5,11.5,1010.9,1,1,1
210,13,5,11.5,1010.8,1,1,1
220,12,5,12.6,1011.2,1,1,1
220,13,10,11.7,1011.7,1,1,1
220,10,0,10.8,1011.6,1,1,1
210,13,100,10.2,1011.7,1,1,1
200,13,5,10.3,1011.7,1,1,1
210,11,5,9.7,1012.1,1,1,1
210,7,5,9.4,1012.2,1,0,1
